,secID,ticker,exchangeCD,secShortName,tradeDate,contractObject,contractMark,preSettlePrice,preClosePrice,openPrice,highestPrice,lowestPrice,closePrice,settlePrice,turnoverVol,turnoverValue,openInt,CHG,CHG1,CHGPct,mainCon,smainCon
0,AU2110.XSGE,au2110,XSGE,»¦»Æ½ð2110,2020-09-16,AU,,427.6,427.6,426.56,427.06,424.5,426.1,426.14,6.0,2556920.0,5.0,-1.5,-1.46,-0.00350795,0,0
1,AU2110.XSGE,au2110,XSGE,»¦»Æ½ð2110,2020-09-17,AU,,426.14,426.1,,,,426.14,426.14,0.0,0.0,5.0,0.0,0.0,0.0,0,0
2,AU2110.XSGE,au2110,XSGE,»¦»Æ½ð2110,2020-09-18,AU,,426.14,426.14,423.86,426.32,423.68,425.5,424.7,6.0,2548200.0,5.0,-0.64,-1.44,-0.00150185,0,0
3,AU2110.XSGE,au2110,XSGE,»¦»Æ½ð2110,2020-09-21,AU,,424.7,425.5,426.34,427.26,426.32,426.32,426.64,3.0,1279920.0,4.0,1.62,1.94,0.00381446,0,0
4,AU2110.XSGE,au2110,XSGE,»¦»Æ½ð2110,2020-09-22,AU,,426.64,426.32,425.1,425.1,406.0,416.28,417.3,28.0,11684580.0,14.0,-10.36,-9.34,-0.02428277,0,0
5,AU2110.XSGE,au2110,XSGE,»¦»Æ½ð2110,2020-09-23,AU,,417.3,416.28,418.96,418.96,409.16,410.18,415.46,17.0,7063100.0,16.0,-7.12,-1.84,-0.01706207,0,0
6,AU2110.XSGE,au2110,XSGE,»¦»Æ½ð2110,2020-09-24,AU,,415.46,410.18,410.46,411.72,404.96,405.46,408.2,15.0,6123020.0,23.0,-10.0,-7.26,-0.02406971,0,0
7,AU2110.XSGE,au2110,XSGE,»¦»Æ½ð2110,2020-09-25,AU,,408.2,405.46,406.82,408.02,403.82,406.7,405.5,32.0,12976420.0,23.0,-1.5,-2.7,-0.00367467,0,0
8,AU2110.XSGE,au2110,XSGE,»¦»Æ½ð2110,2020-09-28,AU,,405.5,406.7,407.36,409.46,407.36,409.34,408.64,6.0,2451900.0,25.0,3.84,3.14,0.00946979,0,0
9,AU2110.XSGE,au2110,XSGE,»¦»Æ½ð2110,2020-09-29,AU,,408.64,409.34,409.16,413.1,409.14,413.1,411.18,15.0,6167760.0,25.0,4.46,2.54,0.01091425,0,0
10,AU2110.XSGE,au2110,XSGE,»¦»Æ½ð2110,2020-09-30,AU,,411.18,413.1,415.66,415.9,415.66,415.9,415.78,4.0,1663120.0,23.0,4.72,4.6,0.01147916,0,0
11,AU2110.XSGE,au2110,XSGE,»¦»Æ½ð2110,2020-10-09,AU,,415.78,415.9,413.6,413.6,413.6,413.6,413.6,1.0,413600.0,24.0,-2.18,-2.18,-0.00524316,0,0
12,AU2110.XSGE,au2110,XSGE,»¦»Æ½ð2110,2020-10-12,AU,,413.6,413.6,417.34,419.48,417.34,419.18,418.64,8.0,3349260.0,27.0,5.58,5.04,0.0134913,0,0
13,AU2110.XSGE,au2110,XSGE,»¦»Æ½ð2110,2020-10-13,AU,,418.64,419.18,418.98,419.74,416.66,416.66,418.38,5.0,2091920.0,31.0,-1.98,-0.26,-0.0047296,0,0
14,AU2110.XSGE,au2110,XSGE,»¦»Æ½ð2110,2020-10-14,AU,,418.38,416.66,412.5,412.7,410.0,412.7,410.88,21.0,8628720.0,28.0,-5.68,-7.5,-0.01357617,0,0
15,AU2110.XSGE,au2110,XSGE,»¦»Æ½ð2110,2020-10-15,AU,,410.88,412.7,413.92,414.22,410.54,412.38,411.98,11.0,4531920.0,33.0,1.5,1.1,0.0036507,0,0
16,AU2110.XSGE,au2110,XSGE,»¦»Æ½ð2110,2020-10-16,AU,,411.98,412.38,411.66,414.34,410.84,414.0,412.92,10.0,4129340.0,35.0,2.02,0.94,0.00490315,0,0
17,AU2110.XSGE,au2110,XSGE,»¦»Æ½ð2110,2020-10-19,AU,,412.92,414.0,412.76,412.76,410.86,411.5,411.7,3.0,1235120.0,36.0,-1.42,-1.22,-0.00343892,0,0
18,AU2110.XSGE,au2110,XSGE,»¦»Æ½ð2110,2020-10-20,AU,,411.7,411.5,411.0,411.0,411.0,411.0,411.0,1.0,411000.0,35.0,-0.7,-0.7,-0.00170027,0,0
19,AU2110.XSGE,au2110,XSGE,»¦»Æ½ð2110,2020-10-21,AU,,411.0,411.0,411.7,414.42,411.7,414.42,413.48,6.0,2480940.0,38.0,3.42,2.48,0.00832117,0,0
20,AU2110.XSGE,au2110,XSGE,»¦»Æ½ð2110,2020-10-22,AU,,413.48,414.42,414.7,416.0,413.8,413.8,414.9,8.0,3319280.0,38.0,0.32,1.42,0.00077392,0,0
21,AU2110.XSGE,au2110,XSGE,»¦»Æ½ð2110,2020-10-23,AU,,414.9,413.8,410.86,411.16,410.86,411.16,410.96,5.0,2054880.0,36.0,-3.74,-3.94,-0.00901422,0,0
22,AU2110.XSGE,au2110,XSGE,»¦»Æ½ð2110,2020-10-26,AU,,410.96,411.16,417.199,417.199,408.7,410.02,411.36,12.0,4936360.0,34.0,-0.94,0.4,-0.00228733,0,0
23,AU2110.XSGE,au2110,XSGE,»¦»Æ½ð2110,2020-10-27,AU,,411.36,410.02,413.8,414.5,411.34,414.2,413.46,4.0,1653840.0,36.0,2.84,2.1,0.00690393,0,0
24,AU2110.XSGE,au2110,XSGE,»¦»Æ½ð2110,2020-10-28,AU,,413.46,414.2,413.7,415.82,413.7,414.84,414.92,6.0,2489620.0,34.0,1.38,1.46,0.00333769,0,0
25,AU2110.XSGE,au2110,XSGE,»¦»Æ½ð2110,2020-10-29,AU,,414.92,414.84,408.9,409.34,408.3,408.6,408.72,12.0,4904700.0,33.0,-6.32,-6.2,-0.01523185,0,0
26,AU2110.XSGE,au2110,XSGE,»¦»Æ½ð2110,2020-10-30,AU,,408.72,408.6,404.74,408.82,403.2,406.0,406.18,35.0,14216680.0,37.0,-2.72,-2.54,-0.00665492,0,0
27,AU2110.XSGE,au2110,XSGE,»¦»Æ½ð2110,2020-11-02,AU,,406.18,406.0,410.14,410.14,407.3,410.0,409.02,18.0,7362560.0,39.0,3.82,2.84,0.0094047,0,0
28,AU2110.XSGE,au2110,XSGE,»¦»Æ½ð2110,2020-11-03,AU,,409.02,410.0,411.04,412.02,410.0,412.02,411.22,12.0,4934780.0,46.0,3.0,2.2,0.0073346,0,0
29,AU2110.XSGE,au2110,XSGE,»¦»Æ½ð2110,2020-11-04,AU,,411.22,412.02,412.76,415.0,412.32,413.36,413.74,25.0,10343800.0,57.0,2.14,2.52,0.00520403,0,0
30,AU2110.XSGE,au2110,XSGE,»¦»Æ½ð2110,2020-11-05,AU,,413.74,413.36,413.22,413.5,409.6,413.5,412.0,7.0,2884000.0,59.0,-0.24,-1.74,-0.00058007,0,0
31,AU2110.XSGE,au2110,XSGE,»¦»Æ½ð2110,2020-11-06,AU,,412.0,413.5,415.5,419.98,415.34,417.9,417.96,22.0,9195140.0,61.0,5.9,5.96,0.01432039,0,0
32,AU2110.XSGE,au2110,XSGE,»¦»Æ½ð2110,2020-11-09,AU,,417.96,417.9,419.06,420.24,417.54,417.54,419.1,22.0,9220200.0,65.0,-0.42,1.14,-0.00100488,0,0
33,AU2110.XSGE,au2110,XSGE,»¦»Æ½ð2110,2020-11-10,AU,,419.1,417.54,411.0,411.0,402.62,406.3,405.4,93.0,37703200.0,86.0,-12.8,-13.7,-0.03054164,0,0
34,AU2110.XSGE,au2110,XSGE,»¦»Æ½ð2110,2020-11-11,AU,,405.4,406.3,405.34,405.42,404.74,405.24,405.34,18.0,7296280.0,73.0,-0.16,-0.06,-0.00039467,0,0
35,AU2110.XSGE,au2110,XSGE,»¦»Æ½ð2110,2020-11-12,AU,,405.34,405.24,404.36,404.68,402.799,402.94,403.94,6.0,2423720.0,74.0,-2.4,-1.4,-0.00592096,0,0
36,AU2110.XSGE,au2110,XSGE,»¦»Æ½ð2110,2020-11-13,AU,,403.94,402.94,406.22,407.02,406.2,407.02,406.42,11.0,4470780.0,69.0,3.08,2.48,0.00762489,0,0
37,AU2110.XSGE,au2110,XSGE,»¦»Æ½ð2110,2020-11-16,AU,,406.42,407.02,407.54,408.78,407.22,407.22,408.2,5.0,2041020.0,72.0,0.8,1.78,0.00196841,0,0
38,AU2110.XSGE,au2110,XSGE,»¦»Æ½ð2110,2020-11-17,AU,,408.2,407.22,404.52,406.4,404.52,406.02,405.88,9.0,3653000.0,72.0,-2.18,-2.32,-0.00534052,0,0
39,AU2110.XSGE,au2110,XSGE,»¦»Æ½ð2110,2020-11-18,AU,,405.88,406.02,406.86,406.86,403.0,403.0,404.08,5.0,2020400.0,73.0,-2.88,-1.8,-0.00709569,0,0
40,AU2110.XSGE,au2110,XSGE,»¦»Æ½ð2110,2020-11-19,AU,,404.08,403.0,402.5,403.7,401.0,401.3,402.36,15.0,6035500.0,74.0,-2.78,-1.72,-0.00687983,0,0
41,AU2110.XSGE,au2110,XSGE,»¦»Æ½ð2110,2020-11-20,AU,,402.36,401.3,401.26,401.56,400.5,401.54,401.0,11.0,4411000.0,78.0,-0.82,-1.36,-0.00203798,0,0
42,AU2110.XSGE,au2110,XSGE,»¦»Æ½ð2110,2020-11-23,AU,,401.0,401.54,401.4,402.72,401.08,401.56,401.7,8.0,3213620.0,77.0,0.56,0.7,0.00139651,0,0
43,AU2110.XSGE,au2110,XSGE,»¦»Æ½ð2110,2020-11-24,AU,,401.7,401.56,401.0,401.0,390.6,392.2,395.26,50.0,19763300.0,82.0,-9.5,-6.44,-0.02364949,0,0
44,AU2110.XSGE,au2110,XSGE,»¦»Æ½ð2110,2020-11-25,AU,,395.26,392.2,388.6,389.34,387.1,387.8,388.1,26.0,10091020.0,82.0,-7.46,-7.16,-0.01887365,0,0
45,AU2110.XSGE,au2110,XSGE,»¦»Æ½ð2110,2020-11-26,AU,,388.1,387.8,389.72,389.76,386.4,387.42,388.48,11.0,4273380.0,86.0,-0.68,0.38,-0.00175213,0,0
46,AU2110.XSGE,au2110,XSGE,»¦»Æ½ð2110,2020-11-27,AU,,388.48,387.42,388.54,388.74,388.4,388.4,388.54,6.0,2331280.0,89.0,-0.08,0.06,-0.00020593,0,0
47,AU2110.XSGE,au2110,XSGE,»¦»Æ½ð2110,2020-11-30,AU,,388.54,388.4,383.52,383.92,377.46,378.0,380.9,32.0,12188800.0,99.0,-10.54,-7.64,-0.02712719,0,0
48,AU2110.XSGE,au2110,XSGE,»¦»Æ½ð2110,2020-12-01,AU,,380.9,378.0,377.02,380.14,376.48,380.02,377.9,16.0,6046660.0,101.0,-0.88,-3.0,-0.00231032,0,0
49,AU2110.XSGE,au2110,XSGE,»¦»Æ½ð2110,2020-12-02,AU,,377.9,380.02,385.46,387.0,384.82,384.82,385.66,20.0,7713240.0,98.0,6.92,7.76,0.01831172,0,0
50,AU2110.XSGE,au2110,XSGE,»¦»Æ½ð2110,2020-12-03,AU,,385.66,384.82,388.02,389.38,387.18,389.38,388.34,11.0,4271900.0,94.0,3.72,2.68,0.0096458,0,0
51,AU2110.XSGE,au2110,XSGE,»¦»Æ½ð2110,2020-12-04,AU,,388.34,389.38,391.4,392.46,387.1,390.82,390.08,9.0,3510720.0,94.0,2.48,1.74,0.00638616,0,0
52,AU2110.XSGE,au2110,XSGE,»¦»Æ½ð2110,2020-12-07,AU,,390.08,390.82,390.22,390.26,389.0,390.0,389.74,8.0,3118020.0,91.0,-0.08,-0.34,-0.00020509,0,0
53,AU2110.XSGE,au2110,XSGE,»¦»Æ½ð2110,2020-12-08,AU,,389.74,390.0,388.76,396.3,388.76,395.26,394.58,12.0,4734960.0,88.0,5.52,4.84,0.01416329,0,0
54,AU2110.XSGE,au2110,XSGE,»¦»Æ½ð2110,2020-12-09,AU,,394.58,395.26,395.4,395.4,393.06,393.06,394.4,4.0,1577640.0,87.0,-1.52,-0.18,-0.0038522,0,0
55,AU2110.XSGE,au2110,XSGE,»¦»Æ½ð2110,2020-12-10,AU,,394.4,393.06,393.96,394.0,389.8,389.8,391.28,8.0,3130360.0,86.0,-4.6,-3.12,-0.01166329,0,0
56,AU2110.XSGE,au2110,XSGE,»¦»Æ½ð2110,2020-12-11,AU,,391.28,389.8,389.8,392.9,389.78,389.84,391.1,6.0,2346620.0,88.0,-1.44,-0.18,-0.00368023,0,0
57,AU2110.XSGE,au2110,XSGE,»¦»Æ½ð2110,2020-12-14,AU,,391.1,389.84,388.2,389.02,388.2,389.02,388.6,2.0,777220.0,88.0,-2.08,-2.5,-0.00531833,0,0
58,AU2110.XSGE,au2110,XSGE,»¦»Æ½ð2110,2020-12-15,AU,,388.6,389.02,389.5,389.5,389.5,389.5,389.5,1.0,389500.0,88.0,0.9,0.9,0.00231601,0,0
59,AU2110.XSGE,au2110,XSGE,»¦»Æ½ð2110,2020-12-16,AU,,389.5,389.5,394.32,394.32,393.34,394.18,393.96,5.0,1969820.0,85.0,4.68,4.46,0.0120154,0,0
60,AU2110.XSGE,au2110,XSGE,»¦»Æ½ð2110,2020-12-17,AU,,393.96,394.18,395.62,397.12,395.1,397.12,395.96,7.0,2771780.0,88.0,3.16,2.0,0.00802112,0,0
61,AU2110.XSGE,au2110,XSGE,»¦»Æ½ð2110,2020-12-18,AU,,395.96,397.12,399.08,400.18,398.04,400.18,399.5,9.0,3595640.0,87.0,4.22,3.54,0.01065764,0,0
62,AU2110.XSGE,au2110,XSGE,»¦»Æ½ð2110,2020-12-21,AU,,399.5,400.18,399.88,404.38,398.86,404.38,400.36,7.0,2802640.0,87.0,4.88,0.86,0.01221527,0,0
63,AU2110.XSGE,au2110,XSGE,»¦»Æ½ð2110,2020-12-22,AU,,400.36,404.38,401.08,401.08,398.68,398.68,399.76,5.0,1998880.0,86.0,-1.68,-0.6,-0.00419622,0,0
64,AU2110.XSGE,au2110,XSGE,»¦»Æ½ð2110,2020-12-23,AU,,399.76,398.68,399.5,401.2,397.32,398.74,399.78,12.0,4797420.0,82.0,-1.02,0.02,-0.00255153,0,0
65,AU2110.XSGE,au2110,XSGE,»¦»Æ½ð2110,2020-12-24,AU,,399.78,398.74,397.48,398.26,397.48,398.26,397.78,3.0,1193380.0,81.0,-1.52,-2.0,-0.00380209,0,0
66,AU2110.XSGE,au2110,XSGE,»¦»Æ½ð2110,2020-12-25,AU,,397.78,398.26,400.54,401.1,400.54,401.1,400.82,2.0,801640.0,81.0,3.32,3.04,0.00834632,0,0
67,AU2110.XSGE,au2110,XSGE,»¦»Æ½ð2110,2020-12-28,AU,,400.82,401.1,401.24,405.18,398.52,401.6,402.32,941.0,378592720.0,384.0,0.78,1.5,0.00194601,0,0
68,AU2110.XSGE,au2110,XSGE,»¦»Æ½ð2110,2020-12-29,AU,,402.32,401.6,401.56,405.02,399.0,399.82,401.76,1915.0,769402460.0,1293.0,-2.5,-0.56,-0.00621396,0,0
69,AU2110.XSGE,au2110,XSGE,»¦»Æ½ð2110,2020-12-30,AU,,401.76,399.82,399.88,401.08,398.48,399.76,400.22,699.0,279754680.0,1616.0,-2.0,-1.54,-0.0049781,0,0
70,AU2110.XSGE,au2110,XSGE,»¦»Æ½ð2110,2020-12-31,AU,,400.22,399.76,400.26,403.48,399.84,401.02,401.52,494.0,198353360.0,1641.0,0.8,1.3,0.0019989,0,0
71,AU2110.XSGE,au2110,XSGE,»¦»Æ½ð2110,2021-01-04,AU,,401.52,401.02,406.12,406.659,405.3,405.74,406.1,1421.0,577091340.0,1944.0,4.22,4.58,0.01051006,0,0
72,AU2110.XSGE,au2110,XSGE,»¦»Æ½ð2110,2021-01-05,AU,,406.1,405.74,408.2,410.2,406.96,407.98,408.56,1981.0,809375120.0,2252.0,1.88,2.46,0.0046294,0,0
73,AU2110.XSGE,au2110,XSGE,»¦»Æ½ð2110,2021-01-06,AU,,408.56,407.98,409.92,410.18,406.98,407.86,408.64,5874.0,2400451040.0,3587.0,-0.7,0.08,-0.00171333,0,0
74,AU2110.XSGE,au2110,XSGE,»¦»Æ½ð2110,2021-01-07,AU,,408.64,407.86,405.54,407.62,401.7,404.56,403.76,3310.0,1336451340.0,4216.0,-4.08,-4.88,-0.00998434,0,0
75,AU2110.XSGE,au2110,XSGE,»¦»Æ½ð2110,2021-01-08,AU,,403.76,404.56,403.5,404.08,400.2,400.76,401.74,4924.0,1978195620.0,5951.0,-3.0,-2.02,-0.00743016,0,0
76,AU2110.XSGE,au2110,XSGE,»¦»Æ½ð2110,2021-01-11,AU,,401.74,400.76,396.84,396.98,383.24,389.84,388.96,2973.0,1156382960.0,6319.0,-11.9,-12.78,-0.02962115,0,0
77,AU2110.XSGE,au2110,XSGE,»¦»Æ½ð2110,2021-01-12,AU,,388.96,389.84,389.22,392.6,386.96,392.34,390.66,3559.0,1390406420.0,6660.0,3.38,1.7,0.00868984,0,0
78,AU2110.XSGE,au2110,XSGE,»¦»Æ½ð2110,2021-01-13,AU,,390.66,392.34,392.42,393.32,388.62,391.96,391.22,6730.0,2632948860.0,7107.0,1.3,0.56,0.0033277,0,0
79,AU2110.XSGE,au2110,XSGE,»¦»Æ½ð2110,2021-01-14,AU,,391.22,391.96,391.74,393.0,387.12,389.14,390.18,3463.0,1351234240.0,7463.0,-2.08,-1.04,-0.0053167,0,0
80,AU2110.XSGE,au2110,XSGE,»¦»Æ½ð2110,2021-01-15,AU,,390.18,389.14,389.14,392.6,388.52,390.7,390.48,5977.0,2333901640.0,8491.0,0.52,0.3,0.00133272,0,0
81,AU2110.XSGE,au2110,XSGE,»¦»Æ½ð2110,2021-01-18,AU,,390.48,390.7,390.32,391.5,384.54,389.64,388.62,7506.0,2917043540.0,8528.0,-0.84,-1.86,-0.0021512,0,0
82,AU2110.XSGE,au2110,XSGE,»¦»Æ½ð2110,2021-01-19,AU,,388.62,389.64,389.4,391.08,388.8,390.3,389.92,3482.0,1357740900.0,9044.0,1.68,1.3,0.00432299,0,0
83,AU2110.XSGE,au2110,XSGE,»¦»Æ½ð2110,2021-01-20,AU,,389.92,390.3,389.3,392.1,388.14,391.66,390.28,5077.0,1981528900.0,9990.0,1.74,0.36,0.00446245,0,0
84,AU2110.XSGE,au2110,XSGE,»¦»Æ½ð2110,2021-01-21,AU,,390.28,391.66,389.419,395.56,387.64,395.42,392.28,3820.0,1498553360.0,10781.0,5.14,2.0,0.01317003,0,0
85,AU2110.XSGE,au2110,XSGE,»¦»Æ½ð2110,2021-01-22,AU,,392.28,395.42,393.5,394.6,392.32,393.62,393.28,4291.0,1687608540.0,11972.0,1.34,1.0,0.00341593,0,0
86,AU2110.XSGE,au2110,XSGE,»¦»Æ½ð2110,2021-01-25,AU,,393.28,393.62,390.32,394.4,389.38,391.78,391.82,2862.0,1121444320.0,12745.0,-1.5,-1.46,-0.00381408,0,0
87,AU2110.XSGE,au2110,XSGE,»¦»Æ½ð2110,2021-01-26,AU,,391.82,391.78,393.84,395.28,391.02,392.9,393.08,3822.0,1502359120.0,13478.0,1.08,1.26,0.00275637,0,0
88,AU2110.XSGE,au2110,XSGE,»¦»Æ½ð2110,2021-01-27,AU,,393.08,392.9,392.64,393.08,388.96,391.02,390.28,3542.0,1382402740.0,13799.0,-2.06,-2.8,-0.00524066,0,0
89,AU2110.XSGE,au2110,XSGE,»¦»Æ½ð2110,2021-01-28,AU,,390.28,391.02,389.12,396.04,388.36,389.02,389.52,4370.0,1702258020.0,14267.0,-1.26,-0.76,-0.00322845,0,0
90,AU2110.XSGE,au2110,XSGE,»¦»Æ½ð2110,2021-01-29,AU,,389.52,389.02,389.38,394.44,387.42,391.26,390.24,5009.0,1954810940.0,14750.0,1.74,0.72,0.00446704,0,0
91,AU2110.XSGE,au2110,XSGE,»¦»Æ½ð2110,2021-02-01,AU,,390.24,391.26,393.7,396.12,389.58,395.22,393.02,11291.0,4437657480.0,15945.0,4.98,2.78,0.01276138,0,0
92,AU2110.XSGE,au2110,XSGE,»¦»Æ½ð2110,2021-02-02,AU,,393.02,395.22,395.88,396.84,391.68,392.32,394.52,6434.0,2538367420.0,15578.0,-0.7,1.5,-0.00178108,0,0
93,AU2110.XSGE,au2110,XSGE,»¦»Æ½ð2110,2021-02-03,AU,,394.52,392.32,389.86,389.96,386.06,387.72,387.82,3652.0,1416364520.0,15367.0,-6.8,-6.7,-0.01723614,0,0
94,AU2110.XSGE,au2110,XSGE,»¦»Æ½ð2110,2021-02-04,AU,,387.82,387.72,387.56,388.08,382.44,385.0,384.6,9219.0,3545671740.0,15204.0,-2.82,-3.22,-0.00727141,0,0
95,AU2110.XSGE,au2110,XSGE,»¦»Æ½ð2110,2021-02-05,AU,,384.6,385.0,383.94,384.28,377.88,380.36,380.48,3890.0,1480144860.0,15076.0,-4.24,-4.12,-0.01102444,0,0
96,AU2110.XSGE,au2110,XSGE,»¦»Æ½ð2110,2021-02-08,AU,,380.48,380.36,381.4,385.0,379.26,383.62,382.32,4596.0,1757196460.0,14980.0,3.14,1.84,0.00825273,0,0
97,AU2110.XSGE,au2110,XSGE,»¦»Æ½ð2110,2021-02-09,AU,,382.32,383.62,385.46,388.78,384.34,388.04,386.98,3766.0,1457383500.0,14785.0,5.72,4.66,0.01496129,0,0
98,AU2110.XSGE,au2110,XSGE,»¦»Æ½ð2110,2021-02-10,AU,,386.98,388.04,388.04,389.28,386.08,388.44,387.94,3314.0,1285683820.0,14556.0,1.46,0.96,0.0037728,0,0
99,AU2110.XSGE,au2110,XSGE,»¦»Æ½ð2110,2021-02-18,AU,,387.94,388.44,378.44,378.44,375.52,377.0,376.58,2045.0,770136620.0,14259.0,-10.94,-11.36,-0.02820024,0,0
100,AU2110.XSGE,au2110,XSGE,»¦»Æ½ð2110,2021-02-19,AU,,376.58,377.0,377.62,379.28,373.64,375.52,376.4,9734.0,3663885660.0,13779.0,-1.06,-0.18,-0.00281481,0,0
101,AU2110.XSGE,au2110,XSGE,»¦»Æ½ð2110,2021-02-22,AU,,376.4,375.52,375.42,380.64,375.18,379.84,378.48,7225.0,2734612060.0,13374.0,3.44,2.08,0.00913921,0,0
102,AU2110.XSGE,au2110,XSGE,»¦»Æ½ð2110,2021-02-23,AU,,378.48,379.84,379.9,384.58,379.9,383.6,382.84,5416.0,2073467120.0,12752.0,5.12,4.36,0.0135278,0,0
103,AU2110.XSGE,au2110,XSGE,»¦»Æ½ð2110,2021-02-24,AU,,382.84,383.6,383.58,383.7,379.98,382.56,382.24,10025.0,3832083840.0,12470.0,-0.28,-0.6,-0.00073138,0,0
104,AU2110.XSGE,au2110,XSGE,»¦»Æ½ð2110,2021-02-25,AU,,382.24,382.56,381.24,381.74,376.72,378.66,379.14,13241.0,5020230120.0,12034.0,-3.58,-3.1,-0.00936584,0,0
105,AU2110.XSGE,au2110,XSGE,»¦»Æ½ð2110,2021-02-26,AU,,379.14,378.66,377.98,378.12,371.46,372.099,374.38,12852.0,4811690420.0,11815.0,-7.041,-4.76,-0.01857098,0,0
106,AU2110.XSGE,au2110,XSGE,»¦»Æ½ð2110,2021-03-01,AU,,374.38,372.1,371.94,373.76,363.2,370.98,370.44,13650.0,5056751260.0,11863.0,-3.4,-3.94,-0.00908168,0,0
107,AU2110.XSGE,au2110,XSGE,»¦»Æ½ð2110,2021-03-02,AU,,370.44,370.98,367.98,369.2,361.2,364.8,365.32,18272.0,6675375180.0,12399.0,-5.64,-5.12,-0.01522514,0,0
108,AU2110.XSGE,au2110,XSGE,»¦»Æ½ð2110,2021-03-03,AU,,365.32,364.8,367.02,367.84,364.62,366.52,366.04,10098.0,3696442660.0,11763.0,1.2,0.72,0.00328479,0,0
109,AU2110.XSGE,au2110,XSGE,»¦»Æ½ð2110,2021-03-04,AU,,366.04,366.52,364.92,365.12,360.3,363.16,362.62,10913.0,3957431380.0,12973.0,-2.88,-3.42,-0.00786799,0,0
110,AU2110.XSGE,au2110,XSGE,»¦»Æ½ð2110,2021-03-05,AU,,362.62,363.16,363.6,364.56,357.44,359.36,361.0,11146.0,4023882560.0,14502.0,-3.26,-1.62,-0.00899013,0,0
111,AU2110.XSGE,au2110,XSGE,»¦»Æ½ð2110,2021-03-08,AU,,361.0,359.36,360.86,364.88,358.66,363.02,362.3,10511.0,3808159160.0,15817.0,2.02,1.3,0.00559557,0,0
112,AU2110.XSGE,au2110,XSGE,»¦»Æ½ð2110,2021-03-09,AU,,362.3,363.02,361.3,362.3,358.16,361.72,360.5,8908.0,3211408180.0,15710.0,-0.58,-1.8,-0.00160088,0,0
113,AU2110.XSGE,au2110,XSGE,»¦»Æ½ð2110,2021-03-10,AU,,360.5,361.72,363.46,367.56,363.3,365.24,365.74,12229.0,4472869580.0,16502.0,4.74,5.24,0.0131484,0,0
114,AU2110.XSGE,au2110,XSGE,»¦»Æ½ð2110,2021-03-11,AU,,365.74,365.24,365.1,369.54,364.88,368.62,366.82,10696.0,3923679160.0,17114.0,2.88,1.08,0.00787445,0,0
115,AU2110.XSGE,au2110,XSGE,»¦»Æ½ð2110,2021-03-12,AU,,366.82,368.62,368.78,368.82,363.0,363.34,365.78,11111.0,4064245340.0,16563.0,-3.48,-1.04,-0.00948694,0,0
116,AU2110.XSGE,au2110,XSGE,»¦»Æ½ð2110,2021-03-15,AU,,365.78,363.34,363.4,368.64,361.1,366.66,364.42,7862.0,2865137520.0,15779.0,0.88,-1.36,0.00240582,0,0
117,AU2110.XSGE,au2110,XSGE,»¦»Æ½ð2110,2021-03-16,AU,L4,364.42,366.66,368.02,368.64,365.78,367.06,367.52,8431.0,3098659540.0,15179.0,2.64,3.1,0.00724439,0,0
118,AU2110.XSGE,au2110,XSGE,»¦»Æ½ð2110,2021-03-17,AU,L4,367.52,367.06,367.5,369.94,366.98,368.0,368.08,9910.0,3647869960.0,16208.0,0.48,0.56,0.00130605,0,0
119,AU2110.XSGE,au2110,XSGE,»¦»Æ½ð2110,2021-03-18,AU,L4,368.08,368.0,366.86,372.08,365.8,371.5,369.36,9543.0,3524886980.0,16718.0,3.42,1.28,0.00929146,0,0
120,AU2110.XSGE,au2110,XSGE,»¦»Æ½ð2110,2021-03-19,AU,L4,369.36,371.5,367.52,370.68,365.14,369.5,367.48,11536.0,4239263840.0,16848.0,0.14,-1.88,0.00037903,0,0
121,AU2110.XSGE,au2110,XSGE,»¦»Æ½ð2110,2021-03-22,AU,L4,367.48,369.5,369.3,370.24,366.92,367.4,368.74,8666.0,3195654700.0,16979.0,-0.08,1.26,-0.0002177,0,0
122,AU2110.XSGE,au2110,XSGE,»¦»Æ½ð2110,2021-03-23,AU,L4,368.74,367.4,367.72,369.42,366.88,368.62,368.1,7988.0,2940513580.0,17555.0,-0.12,-0.64,-0.00032543,0,0
123,AU2110.XSGE,au2110,XSGE,»¦»Æ½ð2110,2021-03-24,AU,L4,368.1,368.62,369.22,369.22,366.12,368.16,367.42,8291.0,3046355540.0,18537.0,0.06,-0.68,0.000163,0,0
124,AU2110.XSGE,au2110,XSGE,»¦»Æ½ð2110,2021-03-25,AU,L4,367.42,368.16,369.16,370.6,367.74,369.16,369.02,6346.0,2341889980.0,19261.0,1.74,1.6,0.00473572,0,0
125,AU2110.XSGE,au2110,XSGE,»¦»Æ½ð2110,2021-03-26,AU,L4,369.02,369.16,368.7,372.38,367.14,368.26,369.64,9427.0,3484754140.0,21270.0,-0.76,0.62,-0.00205951,0,0
126,AU2110.XSGE,au2110,XSGE,»¦»Æ½ð2110,2021-03-29,AU,L4,369.64,368.26,368.1,370.28,367.34,368.14,368.48,7295.0,2688112520.0,22038.0,-1.5,-1.16,-0.004058,0,0
127,AU2110.XSGE,au2110,XSGE,»¦»Æ½ð2110,2021-03-30,AU,L4,368.48,368.14,368.46,369.1,363.38,363.62,365.42,10715.0,3915559540.0,21978.0,-4.86,-3.06,-0.01318932,0,0
128,AU2110.XSGE,au2110,XSGE,»¦»Æ½ð2110,2021-03-31,AU,L4,365.42,363.62,359.98,360.9,357.96,359.46,359.46,11002.0,3954944340.0,22323.0,-5.96,-5.96,-0.01631,0,0
129,AU2110.XSGE,au2110,XSGE,»¦»Æ½ð2110,2021-04-01,AU,L4,359.46,359.46,359.46,367.54,359.4,366.84,363.76,11638.0,4233502520.0,23266.0,7.38,4.3,0.0205308,0,0
130,AU2110.XSGE,au2110,XSGE,»¦»Æ½ð2110,2021-04-02,AU,L4,363.76,366.84,367.72,371.94,367.7,371.92,369.7,9025.0,3336645640.0,23852.0,8.16,5.94,0.02243237,0,0
131,AU2110.XSGE,au2110,XSGE,»¦»Æ½ð2110,2021-04-06,AU,L4,369.7,371.92,369.18,371.14,368.44,369.18,370.34,4458.0,1651060200.0,24318.0,-0.52,0.64,-0.00140655,0,0
132,AU2110.XSGE,au2110,XSGE,»¦»Æ½ð2110,2021-04-07,AU,L4,370.34,369.18,370.42,372.099,369.86,371.26,370.98,9452.0,3506667940.0,24451.0,0.92,0.64,0.0024842,0,0
133,AU2110.XSGE,au2110,XSGE,»¦»Æ½ð2110,2021-04-08,AU,L4,370.98,371.26,370.68,372.72,369.54,371.8,371.04,12576.0,4666438800.0,24900.0,0.82,0.06,0.00221036,0,0
134,AU2110.XSGE,au2110,XSGE,»¦»Æ½ð2110,2021-04-09,AU,L4,371.04,371.8,372.96,375.82,372.9,373.8,374.54,13643.0,5110013320.0,25378.0,2.76,3.5,0.00743855,0,0
135,AU2110.XSGE,au2110,XSGE,»¦»Æ½ð2110,2021-04-12,AU,L4,374.54,373.8,371.52,372.68,369.5,371.12,371.1,13221.0,4906411040.0,25633.0,-3.42,-3.44,-0.0091312,0,0
136,AU2110.XSGE,au2110,XSGE,»¦»Æ½ð2110,2021-04-13,AU,L4,371.1,371.12,370.68,370.68,367.2,367.3,368.62,14331.0,5282897900.0,25784.0,-3.8,-2.48,-0.01023983,0,0
137,AU2110.XSGE,au2110,XSGE,»¦»Æ½ð2110,2021-04-14,AU,L4,368.62,367.3,369.9,372.3,369.74,371.44,371.22,13733.0,5097983000.0,26423.0,2.82,2.6,0.00765015,0,0
138,AU2110.XSGE,au2110,XSGE,»¦»Æ½ð2110,2021-04-15,AU,L4,371.22,371.44,371.18,371.32,368.12,371.28,369.34,16081.0,5939513960.0,27216.0,0.06,-1.88,0.00016163,0,0
139,AU2110.XSGE,au2110,XSGE,»¦»Æ½ð2110,2021-04-16,AU,L4,369.34,371.28,371.12,375.6,370.66,374.42,373.82,13244.0,4951130400.0,27715.0,5.08,4.48,0.01375426,0,0
140,AU2110.XSGE,au2110,XSGE,»¦»Æ½ð2110,2021-04-19,AU,L4,373.82,374.42,378.08,379.02,376.14,377.46,377.24,13337.0,5031329380.0,29353.0,3.64,3.42,0.00973731,0,0
141,AU2110.XSGE,au2110,XSGE,»¦»Æ½ð2110,2021-04-20,AU,L4,377.24,377.46,376.4,376.4,372.92,373.62,374.62,14159.0,5304278840.0,31245.0,-3.62,-2.62,-0.00959601,0,0
142,AU2110.XSGE,au2110,XSGE,»¦»Æ½ð2110,2021-04-21,AU,L4,374.62,373.62,373.86,377.7,373.22,377.36,375.56,12905.0,4846794380.0,31991.0,2.74,0.94,0.00731408,0,0
143,AU2110.XSGE,au2110,XSGE,»¦»Æ½ð2110,2021-04-22,AU,L4,375.56,377.36,377.34,379.6,376.68,378.02,378.34,13239.0,5008891720.0,32737.0,2.46,2.78,0.00655022,0,0
144,AU2110.XSGE,au2110,XSGE,»¦»Æ½ð2110,2021-04-23,AU,L4,378.34,378.02,376.5,377.799,375.46,376.96,376.7,12496.0,4707455740.0,33080.0,-1.38,-1.64,-0.00364751,0,0
145,AU2110.XSGE,au2110,XSGE,»¦»Æ½ð2110,2021-04-26,AU,L4,376.7,376.96,378.42,379.1,373.74,375.1,375.9,12988.0,4882386600.0,33029.0,-1.6,-0.8,-0.00424741,0,0
146,AU2110.XSGE,au2110,XSGE,»¦»Æ½ð2110,2021-04-27,AU,L4,375.9,375.1,374.88,376.28,373.86,375.48,375.0,12471.0,4676658800.0,32648.0,-0.42,-0.9,-0.00111732,0,0
147,AU2110.XSGE,au2110,XSGE,»¦»Æ½ð2110,2021-04-28,AU,L4,375.0,375.48,375.98,376.82,372.8,373.1,374.62,14943.0,5598132400.0,32180.0,-1.9,-0.38,-0.00506667,0,0
148,AU2110.XSGE,au2110,XSGE,»¦»Æ½ð2110,2021-04-29,AU,L4,374.62,373.1,373.38,376.9,372.6,374.44,374.72,13893.0,5206154820.0,30740.0,-0.18,0.1,-0.00048049,0,0
149,AU2110.XSGE,au2110,XSGE,»¦»Æ½ð2110,2021-04-30,AU,L4,374.72,374.44,374.8,374.82,369.92,372.6,371.82,15597.0,5799537340.0,29461.0,-2.12,-2.9,-0.00565756,0,0
150,AU2110.XSGE,au2110,XSGE,»¦»Æ½ð2110,2021-05-06,AU,L4,371.82,372.6,372.62,378.18,372.62,377.86,377.0,8747.0,3297654000.0,29705.0,6.04,5.18,0.01624442,0,0
151,AU2110.XSGE,au2110,XSGE,»¦»Æ½ð2110,2021-05-07,AU,L4,377.0,377.86,378.04,382.66,377.08,381.96,380.9,18568.0,7072887800.0,29399.0,4.96,3.9,0.0131565,0,0
152,AU2110.XSGE,au2110,XSGE,»¦»Æ½ð2110,2021-05-10,AU,L4,380.9,381.96,384.82,385.68,382.06,383.36,383.48,18078.0,6932847780.0,30129.0,2.46,2.58,0.00645839,0,0
153,AU2110.XSGE,au2110,XSGE,»¦»Æ½ð2110,2021-05-11,AU,L4,383.48,383.36,384.08,384.68,382.1,382.84,383.52,14721.0,5646005620.0,31733.0,-0.64,0.04,-0.00166893,0,0
154,AU2110.XSGE,au2110,XSGE,»¦»Æ½ð2110,2021-05-12,AU,L4,383.52,382.84,381.42,383.8,379.94,383.8,382.06,13286.0,5076136060.0,32728.0,0.28,-1.46,0.00073008,0,0
155,AU2110.XSGE,au2110,XSGE,»¦»Æ½ð2110,2021-05-13,AU,L4,382.06,383.8,385.0,385.679,380.98,381.92,382.72,15778.0,6038827620.0,33788.0,-0.14,0.66,-0.00036643,0,0
156,AU2110.XSGE,au2110,XSGE,»¦»Æ½ð2110,2021-05-14,AU,L4,382.72,381.92,381.28,384.88,380.94,384.88,382.34,10189.0,3895763260.0,35181.0,2.16,-0.38,0.00564381,0,0
157,AU2110.XSGE,au2110,XSGE,»¦»Æ½ð2110,2021-05-17,AU,L4,382.34,384.88,384.88,389.14,384.06,388.46,387.08,10493.0,4061716620.0,36320.0,6.12,4.74,0.0160067,0,0
158,AU2110.XSGE,au2110,XSGE,»¦»Æ½ð2110,2021-05-18,AU,L3,387.08,388.46,387.56,392.72,386.66,391.1,390.58,11017.0,4303232540.0,37204.0,4.02,3.5,0.01038545,0,0
159,AU2110.XSGE,au2110,XSGE,»¦»Æ½ð2110,2021-05-19,AU,L3,390.58,391.1,391.46,391.8,389.0,391.56,390.34,13234.0,5165831580.0,37710.0,0.98,-0.24,0.00250909,0,0
160,AU2110.XSGE,au2110,XSGE,»¦»Æ½ð2110,2021-05-20,AU,L3,390.34,391.56,391.56,395.4,389.5,391.72,392.36,18107.0,7104528320.0,37558.0,1.38,2.02,0.00353538,0,0
161,AU2110.XSGE,au2110,XSGE,»¦»Æ½ð2110,2021-05-21,AU,L3,392.36,391.72,391.48,394.3,390.92,391.68,392.02,12181.0,4775416620.0,37410.0,-0.68,-0.34,-0.0017331,0,0
162,AU2110.XSGE,au2110,XSGE,»¦»Æ½ð2110,2021-05-24,AU,L3,392.02,391.68,393.88,395.12,390.38,393.06,393.02,14914.0,5861779800.0,37234.0,1.04,1.0,0.00265293,0,0
163,AU2110.XSGE,au2110,XSGE,»¦»Æ½ð2110,2021-05-25,AU,L3,393.02,393.06,392.78,393.12,389.419,391.599,391.26,11160.0,4366474060.0,37211.0,-1.421,-1.76,-0.00361559,0,0
164,AU2110.XSGE,au2110,XSGE,»¦»Æ½ð2110,2021-05-26,AU,L3,391.26,391.6,391.36,396.82,390.72,395.42,394.1,20111.0,7926055000.0,38400.0,4.16,2.84,0.01063232,0,0
165,AU2110.XSGE,au2110,XSGE,»¦»Æ½ð2110,2021-05-27,AU,L3,394.1,395.42,395.36,395.98,391.76,393.4,393.94,16248.0,6400787540.0,39783.0,-0.7,-0.16,-0.0017762,0,0
166,AU2110.XSGE,au2110,XSGE,»¦»Æ½ð2110,2021-05-28,AU,L3,393.94,393.4,393.28,393.54,390.16,390.32,391.64,17210.0,6740195460.0,41505.0,-3.62,-2.3,-0.00918922,0,0
167,AU2110.XSGE,au2110,XSGE,»¦»Æ½ð2110,2021-05-31,AU,L3,391.64,390.32,391.5,394.58,390.8,393.4,392.9,15768.0,6195344180.0,42903.0,1.76,1.26,0.00449392,0,0
168,AU2110.XSGE,au2110,XSGE,»¦»Æ½ð2110,2021-06-01,AU,L3,392.9,393.4,394.02,396.24,392.859,395.84,394.74,12766.0,5039429380.0,43412.0,2.94,1.84,0.00748282,0,0
169,AU2110.XSGE,au2110,XSGE,»¦»Æ½ð2110,2021-06-02,AU,L3,394.74,395.84,395.7,396.08,388.24,389.34,392.18,24725.0,9696961060.0,44568.0,-5.4,-2.56,-0.01367989,0,0
170,AU2110.XSGE,au2110,XSGE,»¦»Æ½ð2110,2021-06-03,AU,L3,392.18,389.34,390.3,391.54,386.06,386.88,389.78,17086.0,6660120220.0,44719.0,-5.3,-2.4,-0.0135142,0,0
171,AU2110.XSGE,au2110,XSGE,»¦»Æ½ð2110,2021-06-04,AU,L3,389.78,386.88,382.64,383.84,374.52,381.98,378.92,31988.0,12121063400.0,44569.0,-7.8,-10.86,-0.02001129,0,0
172,AU2110.XSGE,au2110,XSGE,»¦»Æ½ð2110,2021-06-07,AU,L3,378.92,381.98,384.48,386.24,383.52,384.5,384.8,22561.0,8681782880.0,44341.0,5.58,5.88,0.01472606,0,0
173,AU2110.XSGE,au2110,XSGE,»¦»Æ½ð2110,2021-06-08,AU,L3,384.8,384.5,384.92,389.86,384.7,387.3,387.4,18778.0,7274750840.0,45286.0,2.5,2.6,0.00649688,0,0
174,AU2110.XSGE,au2110,XSGE,»¦»Æ½ð2110,2021-06-09,AU,L3,387.4,387.3,386.58,387.94,385.26,386.82,386.9,23418.0,9060753440.0,46416.0,-0.58,-0.5,-0.00149716,0,0
175,AU2110.XSGE,au2110,XSGE,»¦»Æ½ð2110,2021-06-10,AU,L3,386.9,386.82,387.02,388.34,384.2,385.78,386.36,28090.0,10853045100.0,47393.0,-1.12,-0.54,-0.0028948,0,0
176,AU2110.XSGE,au2110,XSGE,»¦»Æ½ð2110,2021-06-11,AU,L3,386.36,385.78,387.4,390.34,386.56,389.22,388.34,30427.0,11816373220.0,43922.0,2.86,1.98,0.00740242,0,0
177,AU2110.XSGE,au2110,XSGE,»¦»Æ½ð2110,2021-06-15,AU,L3,388.34,389.22,384.06,384.1,379.54,382.12,381.26,23889.0,9108003060.0,43359.0,-6.22,-7.08,-0.01601689,0,0
178,AU2110.XSGE,au2110,XSGE,»¦»Æ½ð2110,2021-06-16,AU,L3,381.26,382.12,381.82,382.84,379.2,381.76,381.12,22211.0,8465265900.0,43137.0,0.5,-0.14,0.00131144,0,0
179,AU2110.XSGE,au2110,XSGE,»¦»Æ½ð2110,2021-06-17,AU,L3,381.12,381.76,381.26,383.36,373.9,375.02,377.44,32384.0,12223236260.0,42996.0,-6.1,-3.68,-0.01600546,0,0
180,AU2110.XSGE,au2110,XSGE,»¦»Æ½ð2110,2021-06-18,AU,L3,377.44,375.02,370.5,372.0,369.06,371.22,370.8,40448.0,14998816020.0,41113.0,-6.22,-6.64,-0.01647944,0,0
181,AU2110.XSGE,au2110,XSGE,»¦»Æ½ð2110,2021-06-21,AU,L3,370.8,371.22,369.52,371.88,368.42,371.58,370.16,39125.0,14482712240.0,39413.0,0.78,-0.64,0.00210356,0,0
182,AU2110.XSGE,au2110,XSGE,»¦»Æ½ð2110,2021-06-22,AU,L3,370.16,371.58,370.96,374.159,370.78,372.86,372.82,24509.0,9137865840.0,37653.0,2.7,2.66,0.00729414,0,0
183,AU2110.XSGE,au2110,XSGE,»¦»Æ½ð2110,2021-06-23,AU,L3,372.82,372.86,371.28,373.86,371.16,373.66,372.78,16209.0,6042614520.0,38194.0,0.84,-0.04,0.0022531,0,0
184,AU2110.XSGE,au2110,XSGE,»¦»Æ½ð2110,2021-06-24,AU,L3,372.78,373.66,373.02,375.6,371.38,371.54,373.52,19719.0,7365629140.0,38968.0,-1.24,0.74,-0.00332636,0,0
185,AU2110.XSGE,au2110,XSGE,»¦»Æ½ð2110,2021-06-25,AU,L3,373.52,371.54,372.8,373.44,370.039,370.78,371.92,18293.0,6803658400.0,39356.0,-2.74,-1.6,-0.00733562,0,0
