Date,close
2008/1/2,1
2008/1/3,1.008923136
2008/1/4,1.016833529
2008/1/7,1.022858779
2008/1/8,1.021567248
2008/1/9,1.030913308
2008/1/10,1.034844798
2008/1/11,1.040181611
2008/1/14,1.042688813
2008/1/15,1.032426733
2008/1/16,1.003375809
2008/1/17,0.977017947
2008/1/18,0.982495102
2008/1/21,0.932034342
2008/1/22,0.864766605
2008/1/23,0.891943764
2008/1/24,0.894727859
2008/1/25,0.903064969
2008/1/28,0.838128057
2008/1/29,0.845458114
2008/1/30,0.837854958
2008/1/31,0.831319543
2008/2/1,0.819443523
2008/2/4,0.886087304
2008/2/5,0.87234321
2008/2/13,0.851674913
2008/2/14,0.863357489
2008/2/15,0.852890584
2008/2/18,0.866359683
2008/2/19,0.884594742
2008/2/20,0.866147273
2008/2/21,0.858589632
2008/2/22,0.828833203
2008/2/25,0.795122525
2008/2/26,0.803780148
2008/2/27,0.821962104
2008/2/28,0.815411517
2008/2/29,0.824710164
2008/3/3,0.841727656
2008/3/4,0.822227617
2008/3/5,0.814110503
2008/3/6,0.827071334
2008/3/7,0.815603066
2008/3/10,0.786354904
2008/3/11,0.790068294
2008/3/12,0.771907199
2008/3/13,0.753158183
2008/3/14,0.751529071
2008/3/17,0.724480875
2008/3/18,0.695814945
2008/3/19,0.7133976
2008/3/20,0.721446439
2008/3/21,0.720029737
2008/3/24,0.6877149
2008/3/25,0.688365407
2008/3/26,0.684048923
2008/3/27,0.646996573
2008/3/28,0.678983313
2008/3/31,0.65860708
2008/4/1,0.631382508
2008/4/2,0.634932797
2008/4/3,0.653586987
2008/4/7,0.682675841
2008/4/8,0.685126147
2008/4/9,0.647455531
2008/4/10,0.658423118
2008/4/11,0.662434262
2008/4/14,0.625220708
2008/4/15,0.635021933
2008/4/16,0.624259171
2008/4/17,0.611199721
2008/4/18,0.586910964
2008/4/21,0.591142104
2008/4/22,0.596985289
2008/4/23,0.621742486
2008/4/24,0.679529511
2008/4/25,0.674735103
2008/4/28,0.658988281
2008/4/29,0.668222447
2008/4/30,0.700406425
2008/5/5,0.713283809
2008/5/6,0.708066477
2008/5/7,0.67879366
2008/5/8,0.693527739
2008/5/9,0.685306317
2008/5/12,0.687864725
2008/5/13,0.675207337
2008/5/14,0.693639634
2008/5/15,0.689825729
2008/5/16,0.687343181
2008/5/19,0.683650653
2008/5/20,0.653002858
2008/5/21,0.67216342
2008/5/22,0.661057387
2008/5/23,0.658679148
2008/5/26,0.638092402
2008/5/27,0.640153922
2008/5/28,0.656012638
2008/5/29,0.645090568
2008/5/30,0.65114237
2008/6/2,0.656014535
2008/6/3,0.651720809
2008/6/4,0.639110835
2008/6/5,0.635645889
2008/6/6,0.63147923
2008/6/10,0.582674134
2008/6/11,0.57355376
2008/6/12,0.560902062
2008/6/13,0.544074222
2008/6/16,0.545079379
2008/6/17,0.530030477
2008/6/18,0.557787973
2008/6/19,0.521329234
2008/6/20,0.537045712
2008/6/23,0.523519717
2008/6/24,0.531598901
2008/6/25,0.550941528
2008/6/26,0.550342227
2008/6/27,0.521245787
2008/6/30,0.518907376
2008/7/1,0.502883662
2008/7/2,0.502904523
2008/7/3,0.512730404
2008/7/4,0.506350504
2008/7/7,0.529584794
2008/7/8,0.533861451
2008/7/9,0.553888723
2008/7/10,0.545335409
2008/7/11,0.541766155
2008/7/14,0.545868332
2008/7/15,0.527128798
2008/7/16,0.51317419
2008/7/17,0.509174425
2008/7/18,0.526923974
2008/7/21,0.542674589
2008/7/22,0.53977291
2008/7/23,0.538204487
2008/7/24,0.551942892
2008/7/25,0.543372509
2008/7/28,0.550562224
2008/7/29,0.540567553
2008/7/30,0.537980697
2008/7/31,0.526421396
2008/8/1,0.531371318
2008/8/4,0.519977014
2008/8/5,0.510306649
2008/8/6,0.515734495
2008/8/7,0.517291539
2008/8/8,0.494180522
2008/8/11,0.468454202
2008/8/12,0.466013378
2008/8/13,0.463946169
2008/8/14,0.462197576
2008/8/15,0.46476357
2008/8/18,0.439968442
2008/8/19,0.444633886
2008/8/20,0.478545595
2008/8/21,0.46118104
2008/8/22,0.456157153
2008/8/25,0.457700922
2008/8/26,0.445697835
2008/8/27,0.444193893
2008/8/28,0.445709214
2008/8/29,0.454666487
2008/9/1,0.440967909
2008/9/2,0.437127452
2008/9/3,0.431775467
2008/9/4,0.43191581
2008/9/5,0.417699481
2008/9/8,0.406504312
2008/9/9,0.406951891
2008/9/10,0.407896359
2008/9/11,0.394283124
2008/9/12,0.394413984
2008/9/16,0.37677064
2008/9/17,0.36584857
2008/9/18,0.359550221
2008/9/19,0.393545377
2008/9/22,0.42414007
2008/9/23,0.417521208
2008/9/24,0.420422886
2008/9/25,0.435725922
2008/9/26,0.435020416
2008/10/6,0.412254566
2008/10/7,0.409239096
2008/10/8,0.396794119
2008/10/9,0.393448655
2008/10/10,0.379412495
2008/10/13,0.393257106
2008/10/14,0.38258917
2008/10/15,0.378293547
2008/10/16,0.362224317
2008/10/17,0.366152014
2008/10/20,0.374375333
2008/10/21,0.371439517
2008/10/22,0.359546428
2008/10/23,0.355704074
2008/10/24,0.348887974
2008/10/27,0.326837113
2008/10/28,0.336029555
2008/10/29,0.326165745
2008/10/30,0.334472511
2008/10/31,0.327868821
2008/11/3,0.326158159
2008/11/4,0.323679404
2008/11/5,0.333903554
2008/11/6,0.325769372
2008/11/7,0.331457041
2008/11/10,0.355559939
2008/11/11,0.349644687
2008/11/12,0.352584296
2008/11/13,0.365575471
2008/11/14,0.37673271
2008/11/17,0.385084993
2008/11/18,0.360800029
2008/11/19,0.382617618
2008/11/20,0.376224442
2008/11/21,0.37349914
2008/11/24,0.359781597
2008/11/25,0.358198001
2008/11/26,0.359937111
2008/11/27,0.363726362
2008/11/28,0.354869605
2008/12/1,0.359318845
2008/12/2,0.358374377
2008/12/3,0.372744324
2008/12/4,0.379588872
2008/12/5,0.382843304
2008/12/8,0.396519124
2008/12/9,0.386461868
2008/12/10,0.394309675
2008/12/11,0.385312575
2008/12/12,0.37062022
2008/12/15,0.372547086
2008/12/16,0.374564985
2008/12/17,0.374908256
2008/12/18,0.382280037
2008/12/19,0.382805373
2008/12/22,0.376983051
2008/12/23,0.359811941
2008/12/24,0.353473764
2008/12/25,0.351315522
2008/12/26,0.351144835
2008/12/29,0.350947597
2008/12/30,0.347615408
2008/12/31,0.345320617
2009/1/5,0.35668268
2009/1/6,0.367382857
2009/1/7,0.364892723
2009/1/8,0.356200963
2009/1/9,0.361260884
2009/1/12,0.360405552
2009/1/13,0.353392214
2009/1/14,0.365814433
2009/1/15,0.364172045
2009/1/16,0.37066384
2009/1/19,0.37677633
2009/1/20,0.378187342
2009/1/21,0.376463404
2009/1/22,0.380243172
2009/1/23,0.377533042
2009/2/2,0.381519531
2009/2/3,0.390837144
2009/2/4,0.399739418
2009/2/5,0.397894102
2009/2/6,0.413676958
2009/2/9,0.421921139
2009/2/10,0.42959257
2009/2/11,0.42876948
2009/2/12,0.426355207
2009/2/13,0.440142922
2009/2/16,0.453153063
2009/2/17,0.439886891
2009/2/18,0.419104804
2009/2/19,0.422380097
2009/2/20,0.42889465
2009/2/23,0.437296242
2009/2/24,0.417358107
2009/2/25,0.418480848
2009/2/26,0.402299723
2009/2/27,0.395017078
2009/3/2,0.397027391
2009/3/3,0.39285125
2009/3/4,0.41687639
2009/3/5,0.421232701
2009/3/6,0.415909164
2009/3/9,0.401825592
2009/3/10,0.409377543
2009/3/11,0.405671739
2009/3/12,0.40469503
2009/3/13,0.403741079
2009/3/16,0.408376179
2009/3/17,0.420711158
2009/3/18,0.421733383
2009/3/19,0.429706362
2009/3/20,0.43261373
2009/3/23,0.441032391
2009/3/24,0.44348649
2009/3/25,0.434597492
2009/3/26,0.447901593
2009/3/27,0.450317762
2009/3/30,0.447207466
2009/3/31,0.45008449
2009/4/1,0.456686283
2009/4/2,0.459961576
2009/4/3,0.458916593
2009/4/7,0.462595845
2009/4/8,0.44518767
2009/4/9,0.45134947
2009/4/10,0.463553589
2009/4/13,0.476728727
2009/4/14,0.479285239
2009/4/15,0.48096935
2009/4/16,0.480603322
2009/4/17,0.474875825
2009/4/20,0.485027907
2009/4/21,0.48092573
2009/4/22,0.466800435
2009/4/23,0.46729353
2009/4/24,0.464380473
2009/4/27,0.456179912
2009/4/28,0.455438372
2009/4/29,0.468097656
2009/4/30,0.469876593
2009/5/4,0.485492555
2009/5/5,0.486901671
2009/5/6,0.491677113
2009/5/7,0.492612099
2009/5/8,0.497958394
2009/5/11,0.489255255
2009/5/12,0.496541692
2009/5/13,0.505189832
2009/5/14,0.500660938
2009/5/15,0.50167937
2009/5/18,0.503105555
2009/5/19,0.507638242
2009/5/20,0.502845731
2009/5/21,0.495109818
2009/5/22,0.492640547
2009/5/25,0.49499413
2009/5/26,0.490927987
2009/5/27,0.499340959
2009/6/1,0.51609673
2009/6/2,0.51666948
2009/6/3,0.526965698
2009/6/4,0.524813145
2009/6/5,0.522281288
2009/6/8,0.525021763
2009/6/9,0.528729463
2009/6/10,0.534107999
2009/6/11,0.530517883
2009/6/12,0.520360112
2009/6/15,0.529044286
2009/6/16,0.526478291
2009/6/17,0.532945431
2009/6/18,0.541248405
2009/6/19,0.546291256
2009/6/22,0.549289658
2009/6/23,0.54860691
2009/6/24,0.554220615
2009/6/25,0.554742158
2009/6/26,0.555341459
2009/6/29,0.564274078
2009/6/30,0.561249125
2009/7/1,0.570502256
2009/7/2,0.580383135
2009/7/3,0.585716155
2009/7/6,0.59260053
2009/7/7,0.58592098
2009/7/8,0.584274798
2009/7/9,0.5922895
2009/7/10,0.590563665
2009/7/13,0.584234971
2009/7/14,0.596486503
2009/7/15,0.604715512
2009/7/16,0.603803285
2009/7/17,0.604941198
2009/7/20,0.619578555
2009/7/21,0.609392335
2009/7/22,0.625209329
2009/7/23,0.631255441
2009/7/24,0.639620999
2009/7/27,0.651495123
2009/7/28,0.652094424
2009/7/29,0.619485625
2009/7/30,0.629941151
2009/7/31,0.647104675
2009/8/3,0.6566878
2009/8/4,0.658366222
2009/8/5,0.650222557
2009/8/6,0.636535358
2009/8/7,0.618397022
2009/8/10,0.616324123
2009/8/11,0.619163217
2009/8/12,0.590334186
2009/8/13,0.595614103
2009/8/14,0.577864554
2009/8/17,0.544421286
2009/8/18,0.552054787
2009/8/19,0.528291366
2009/8/20,0.552187543
2009/8/21,0.561516535
2009/8/24,0.567710576
2009/8/25,0.552987876
2009/8/26,0.562809963
2009/8/27,0.558789336
2009/8/28,0.542536143
2009/8/31,0.505942752
2009/9/1,0.508973394
2009/9/2,0.514900025
2009/9/3,0.539564293
2009/9/4,0.542710623
2009/9/7,0.546410737
2009/9/8,0.555770073
2009/9/9,0.558764681
2009/9/10,0.554709917
2009/9/11,0.567020242
2009/9/14,0.57402789
2009/9/15,0.575353559
2009/9/16,0.568901591
2009/9/17,0.580385032
2009/9/18,0.561876874
2009/9/21,0.562699965
2009/9/22,0.549526723
2009/9/23,0.539128093
2009/9/24,0.541182026
2009/9/25,0.538392242
2009/9/28,0.524109536
2009/9/29,0.522404562
2009/9/30,0.527125005
2009/10/9,0.552214095
2009/10/12,0.548944491
2009/10/13,0.556854884
2009/10/14,0.56336754
2009/10/15,0.56512372
2009/10/16,0.564524419
2009/10/19,0.57621458
2009/10/20,0.584972719
2009/10/21,0.582344139
2009/10/22,0.57870661
2009/10/23,0.58941058
2009/10/26,0.589736782
2009/10/27,0.573026527
2009/10/28,0.574898394
2009/10/29,0.561459639
2009/10/30,0.568169534
2009/11/2,0.583493431
2009/11/3,0.590620561
2009/11/4,0.593334484
2009/11/5,0.598362164
2009/11/6,0.600067137
2009/11/9,0.60225762
2009/11/10,0.602830369
2009/11/11,0.602181759
2009/11/12,0.601756938
2009/11/13,0.604544825
2009/11/16,0.621120427
2009/11/17,0.6226073
2009/11/18,0.626464826
2009/11/19,0.629760981
2009/11/20,0.627435845
2009/11/23,0.633184203
2009/11/24,0.611349546
2009/11/25,0.623986072
2009/11/26,0.601383323
2009/11/27,0.587212511
2009/11/30,0.605995665
2009/12/1,0.613593132
2009/12/2,0.620115271
2009/12/3,0.619144251
2009/12/4,0.629083923
2009/12/7,0.631902155
2009/12/8,0.625218811
2009/12/9,0.614391567
2009/12/10,0.617177558
2009/12/11,0.615861372
2009/12/14,0.626402241
2009/12/15,0.621008532
2009/12/16,0.617357728
2009/12/17,0.602919506
2009/12/18,0.590556079
2009/12/21,0.592278121
2009/12/22,0.578537819
2009/12/23,0.58294913
2009/12/24,0.598051134
2009/12/25,0.595763929
2009/12/28,0.604759132
2009/12/29,0.60911734
2009/12/30,0.618759257
2009/12/31,0.6215168
2010/1/4,0.61518621
2010/1/5,0.622472647
2010/1/6,0.617169972
2010/1/7,0.605517741
2010/1/8,0.606128421
2010/1/11,0.609305095
2010/1/12,0.620915603
2010/1/13,0.601701939
2010/1/14,0.609836122
2010/1/15,0.61146713
2010/1/18,0.613923126
2010/1/19,0.615776028
2010/1/20,0.597755277
2010/1/21,0.599084738
2010/1/22,0.593343966
2010/1/25,0.586861654
2010/1/26,0.572633947
2010/1/27,0.566417148
2010/1/28,0.567845229
2010/1/29,0.566925415
2010/2/1,0.557835386
2010/2/2,0.556574199
2010/2/3,0.569684855
2010/2/4,0.568067122
2010/2/5,0.557463667
2010/2/8,0.556661439
2010/2/9,0.559253984
2010/2/10,0.565637677
2010/2/11,0.566206634
2010/2/12,0.572394985
2010/2/22,0.569601408
2010/2/23,0.565650953
2010/2/24,0.573163076
2010/2/25,0.580453307
2010/2/26,0.578807126
2010/3/1,0.585615639
2010/3/2,0.582822063
2010/3/3,0.58735475
2010/3/4,0.573388762
2010/3/5,0.574849084
2010/3/8,0.579051777
2010/3/9,0.582069143
2010/3/10,0.578236272
2010/3/11,0.578681955
2010/3/12,0.571499826
2010/3/15,0.564583211
2010/3/16,0.567598681
2010/3/17,0.578530233
2010/3/18,0.57769766
2010/3/19,0.581805527
2010/3/22,0.583100851
2010/3/23,0.579032812
2010/3/24,0.579730732
2010/3/25,0.57259412
2010/3/26,0.58028262
2010/3/29,0.592435532
2010/3/30,0.593321208
2010/3/31,0.589649542
2010/4/1,0.596915117
2010/4/2,0.598914052
2010/4/6,0.599050601
2010/4/7,0.597066839
2010/4/8,0.591470203
2010/4/9,0.596522537
2010/4/12,0.593471033
2010/4/13,0.599538007
2010/4/14,0.600472993
2010/4/15,0.600243513
2010/4/16,0.593668272
2010/4/19,0.565220442
2010/4/20,0.56507441
2010/4/21,0.575268216
2010/4/22,0.568857971
2010/4/23,0.565834915
2010/4/26,0.563172199
2010/4/27,0.551495313
2010/4/28,0.550053956
2010/4/29,0.544004051
2010/4/30,0.544417493
2010/5/4,0.537717081
2010/5/5,0.541864774
2010/5/6,0.519590124
2010/5/7,0.509857173
2010/5/10,0.511825763
2010/5/11,0.502117467
2010/5/12,0.503661236
2010/5/13,0.514054176
2010/5/14,0.511421804
2010/5/17,0.485496348
2010/5/18,0.492105727
2010/5/19,0.490783851
2010/5/20,0.484739636
2010/5/21,0.489970244
2010/5/24,0.507019976
2010/5/25,0.497387541
2010/5/26,0.497986842
2010/5/27,0.503701063
2010/5/28,0.503672615
2010/5/31,0.491606942
2010/6/1,0.487079944
2010/6/2,0.487675452
2010/6/3,0.484117577
2010/6/4,0.484293953
2010/6/7,0.476355112
2010/6/8,0.47677614
2010/6/9,0.490036622
2010/6/10,0.485998927
2010/6/11,0.487394767
2010/6/17,0.48555514
2010/6/18,0.476637694
2010/6/21,0.490480408
2010/6/22,0.490952642
2010/6/23,0.487381491
2010/6/24,0.48678788
2010/6/25,0.484147921
2010/6/28,0.480821422
2010/6/29,0.460295364
2010/6/30,0.454856139
2010/7/1,0.450194488
2010/7/2,0.45192222
2010/7/5,0.448328311
2010/7/6,0.456951796
2010/7/7,0.459170727
2010/7/8,0.458038503
2010/7/9,0.468615406
2010/7/12,0.47237052
2010/7/13,0.464702881
2010/7/14,0.468524373
2010/7/15,0.459773821
2010/7/16,0.459768131
2010/7/19,0.469468841
2010/7/20,0.4795792
2010/7/21,0.480842283
2010/7/22,0.485966686
2010/7/23,0.48779114
2010/7/26,0.490948849
2010/7/27,0.488424578
2010/7/28,0.499479405
2010/7/29,0.502221775
2010/7/30,0.500207669
2010/8/2,0.506849289
2010/8/3,0.498216321
2010/8/4,0.500401114
2010/8/5,0.497032891
2010/8/6,0.504169504
2010/8/9,0.506851186
2010/8/10,0.492198657
2010/8/11,0.494518103
2010/8/12,0.488443543
2010/8/13,0.494366381
2010/8/16,0.504799149
2010/8/17,0.506729808
2010/8/18,0.505669652
2010/8/19,0.509781312
2010/8/20,0.501119896
2010/8/23,0.500562319
2010/8/24,0.502637114
2010/8/25,0.492447101
2010/8/26,0.493755701
2010/8/27,0.495132576
2010/8/30,0.503082796
2010/8/31,0.500454217
2010/9/1,0.497434954
2010/9/2,0.503674511
2010/9/3,0.503600547
2010/9/6,0.511349736
2010/9/7,0.511749902
2010/9/8,0.51116767
2010/9/9,0.503782613
2010/9/10,0.505083627
2010/9/13,0.509845794
2010/9/14,0.509883724
2010/9/15,0.503052452
2010/9/16,0.493564153
2010/9/17,0.492847267
2010/9/20,0.490954538
2010/9/21,0.491493151
2010/9/27,0.498400284
2010/9/28,0.495248264
2010/9/29,0.495121197
2010/9/30,0.503651753
2010/10/8,0.519408058
2010/10/11,0.532342337
2010/10/12,0.538879649
2010/10/13,0.54266321
2010/10/14,0.546130052
2010/10/15,0.563487021
2010/10/18,0.560465862
2010/10/19,0.569307447
2010/10/20,0.569705717
2010/10/21,0.565833019
2010/10/22,0.564222872
2010/10/25,0.578708506
2010/10/26,0.576834743
2010/10/27,0.568397117
2010/10/28,0.567549371
2010/10/29,0.56494355
2010/11/1,0.579201602
2010/11/2,0.57757249
2010/11/3,0.574833912
2010/11/4,0.585444953
2010/11/5,0.59351655
2010/11/8,0.599208012
2010/11/9,0.594559637
2010/11/10,0.590834868
2010/11/11,0.596975806
2010/11/12,0.566193358
2010/11/15,0.571689479
2010/11/16,0.54895587
2010/11/17,0.538396036
2010/11/18,0.543438887
2010/11/19,0.547823646
2010/11/22,0.547027107
2010/11/23,0.536389515
2010/11/24,0.542393904
2010/11/25,0.549661376
2010/11/26,0.544624214
2010/11/29,0.543611471
2010/11/30,0.534853332
2010/12/1,0.535473495
2010/12/2,0.539296883
2010/12/3,0.539073094
2010/12/6,0.541870464
2010/12/7,0.545413167
2010/12/8,0.540233765
2010/12/9,0.533102843
2010/12/10,0.538809477
2010/12/13,0.554343889
2010/12/14,0.555127152
2010/12/15,0.552155302
2010/12/16,0.549638618
2010/12/17,0.548804148
2010/12/20,0.541062545
2010/12/21,0.550770841
2010/12/22,0.545800057
2010/12/23,0.541498745
2010/12/24,0.537694322
2010/12/27,0.52749862
2010/12/28,0.518317557
2010/12/29,0.521833709
2010/12/30,0.523358513
2010/12/31,0.532558541
2011/1/4,0.541011339
2011/1/5,0.538344829
2011/1/6,0.535615734
2011/1/7,0.538384656
2011/1/10,0.5294729
2011/1/11,0.531794243
2011/1/12,0.535065743
2011/1/13,0.536281414
2011/1/14,0.529383763
2011/1/17,0.513324015
2011/1/18,0.513764008
2011/1/19,0.523079724
2011/1/20,0.507822205
2011/1/21,0.514960714
2011/1/24,0.51124922
2011/1/25,0.507780481
2011/1/26,0.513731767
2011/1/27,0.521382337
2011/1/28,0.522065085
2011/1/31,0.529260489
2011/2/1,0.530828913
2011/2/9,0.52610847
2011/2/10,0.534470235
2011/2/11,0.536209346
2011/2/14,0.549826373
2011/2/15,0.549847235
2011/2/16,0.554524058
2011/2/17,0.555104394
2011/2/18,0.549951544
2011/2/21,0.556107654
2011/2/22,0.541555641
2011/2/23,0.542904068
2011/2/24,0.545932814
2011/2/25,0.545927124
2011/2/28,0.550949114
2011/3/1,0.55357959
2011/3/2,0.552610468
2011/3/3,0.550556534
2011/3/4,0.558015555
2011/3/7,0.568237809
2011/3/8,0.568945211
2011/3/9,0.569364343
2011/3/10,0.560828097
2011/3/11,0.556401615
2011/3/14,0.557127983
2011/3/15,0.549282072
2011/3/16,0.555832658
2011/3/17,0.54947931
2011/3/18,0.551298074
2011/3/21,0.551724792
2011/3/22,0.553621314
2011/3/23,0.559185709
2011/3/24,0.558850025
2011/3/25,0.564748208
2011/3/28,0.565924052
2011/3/29,0.56100637
2011/3/30,0.560568274
2011/3/31,0.555322494
2011/4/1,0.562775825
2011/4/6,0.569214517
2011/4/7,0.570456739
2011/4/8,0.574649949
2011/4/11,0.573271178
2011/4/12,0.573009458
2011/4/13,0.578515061
2011/4/14,0.57704336
2011/4/15,0.578539716
2011/4/18,0.579829351
2011/4/19,0.568774524
2011/4/20,0.570291742
2011/4/21,0.574014615
2011/4/22,0.570951732
2011/4/25,0.562309281
2011/4/26,0.557384013
2011/4/27,0.554810433
2011/4/28,0.547533478
2011/4/29,0.552174268
2011/5/3,0.556096275
2011/5/4,0.543546989
2011/5/5,0.54475697
2011/5/6,0.54314303
2011/5/9,0.544768349
2011/5/10,0.54821433
2011/5/11,0.546846937
2011/5/12,0.53938602
2011/5/13,0.544497147
2011/5/16,0.540332384
2011/5/17,0.541034098
2011/5/18,0.544827142
2011/5/19,0.542323733
2011/5/20,0.542113219
2011/5/23,0.526203296
2011/5/24,0.524779008
2011/5/25,0.519977014
2011/5/26,0.518988926
2011/5/27,0.513947971
2011/5/30,0.513267119
2011/5/31,0.520305112
2011/6/1,0.520324078
2011/6/2,0.51304333
2011/6/3,0.517374986
2011/6/7,0.520462524
2011/6/8,0.52159854
2011/6/9,0.51269437
2011/6/10,0.513035744
2011/6/13,0.512132999
2011/6/14,0.517758083
2011/6/15,0.513090743
2011/6/16,0.505286555
2011/6/17,0.501216619
2011/6/20,0.497125821
2011/6/21,0.501910746
2011/6/22,0.502449358
2011/6/23,0.509832518
2011/6/24,0.520824759
2011/6/27,0.523104379
2011/6/28,0.523288342
2011/6/29,0.517462226
2011/6/30,0.52383454
2011/7/1,0.523318686
2011/7/4,0.533457492
2011/7/5,0.534128861
2011/7/6,0.533013706
2011/7/7,0.529939444
2011/7/8,0.530603227
2011/7/11,0.531536316
2011/7/12,0.522412148
2011/7/13,0.530168923
2011/7/14,0.53300612
2011/7/15,0.534851436
2011/7/18,0.534191446
2011/7/19,0.530453402
2011/7/20,0.529926168
2011/7/21,0.524557115
2011/7/22,0.52548641
2011/7/25,0.509927344
2011/7/26,0.512635578
2011/7/27,0.516515862
2011/7/28,0.513726078
2011/7/29,0.51238903
2011/8/1,0.512777817
2011/8/2,0.508127545
2011/8/3,0.507981513
2011/8/4,0.509034082
2011/8/5,0.498106323
2011/8/8,0.479216964
2011/8/9,0.479074725
2011/8/10,0.483457587
2011/8/11,0.489589043
2011/8/12,0.491800387
2011/8/15,0.498172701
2011/8/16,0.49464517
2011/8/17,0.493334674
2011/8/18,0.485409108
2011/8/19,0.480646942
2011/8/22,0.477138376
2011/8/23,0.484375504
2011/8/24,0.481923301
2011/8/25,0.495989804
2011/8/26,0.495407572
2011/8/29,0.488621816
2011/8/30,0.486759432
2011/8/31,0.486901671
2011/9/1,0.484758601
2011/9/2,0.479493856
2011/9/5,0.470098486
2011/9/6,0.468539545
2011/9/7,0.477181996
2011/9/8,0.473929461
2011/9/9,0.473703775
2011/9/13,0.468687474
2011/9/14,0.471253468
2011/9/15,0.470157279
2011/9/16,0.470781234
2011/9/19,0.462334125
2011/9/20,0.464223061
2011/9/21,0.476588385
2011/9/22,0.463331696
2011/9/23,0.461454139
2011/9/26,0.453871844
2011/9/27,0.458019538
2011/9/28,0.453659434
2011/9/29,0.448591927
2011/9/30,0.447431256
2011/10/10,0.444694575
2011/10/11,0.445401977
2011/10/12,0.458958316
2011/10/13,0.462521881
2011/10/14,0.461116558
2011/10/17,0.462827221
2011/10/18,0.452034115
2011/10/19,0.450899995
2011/10/20,0.442149442
2011/10/21,0.439477243
2011/10/24,0.449538292
2011/10/25,0.456999209
2011/10/26,0.460376915
2011/10/27,0.461918787
2011/10/28,0.46908764
2011/10/31,0.468109035
2011/11/1,0.468444719
2011/11/2,0.474909963
2011/11/3,0.475664778
2011/11/4,0.479495753
2011/11/7,0.475989084
2011/11/8,0.474858757
2011/11/9,0.478856625
2011/11/10,0.470250208
2011/11/11,0.470542273
2011/11/14,0.479575407
2011/11/15,0.479774541
2011/11/16,0.467864384
2011/11/17,0.467122843
2011/11/18,0.458305913
2011/11/21,0.45803471
2011/11/22,0.45756058
2011/11/23,0.454230287
2011/11/24,0.454700625
2011/11/25,0.451413952
2011/11/28,0.451946875
2011/11/29,0.457515063
2011/11/30,0.442536333
2011/12/1,0.452673243
2011/12/2,0.447704355
2011/12/5,0.442502195
2011/12/6,0.441113941
2011/12/7,0.442407369
2011/12/8,0.441855481
2011/12/9,0.439096042
2011/12/12,0.434597492
2011/12/13,0.426450033
2011/12/14,0.42264561
2011/12/15,0.41361058
2011/12/16,0.421945794
2011/12/19,0.420694089
2011/12/20,0.420255993
2011/12/21,0.415556411
2011/12/22,0.414636598
2011/12/23,0.418141371
2011/12/26,0.415359173
2011/12/27,0.410824589
2011/12/28,0.411547164
2011/12/29,0.412220429
2011/12/30,0.417124835
2012/1/4,0.411429579
2012/1/5,0.407458262
2012/1/6,0.410291666
2012/1/9,0.422144928
2012/1/10,0.433495612
2012/1/11,0.431657883
2012/1/12,0.431460644
2012/1/13,0.425689528
2012/1/16,0.41840878
2012/1/17,0.435892816
2012/1/18,0.429823946
2012/1/19,0.43545472
2012/1/20,0.439826203
2012/1/30,0.433362856
2012/1/31,0.434798523
2012/2/1,0.430146355
2012/2/2,0.438582084
2012/2/3,0.441967376
2012/2/6,0.442105822
2012/2/7,0.43466387
2012/2/8,0.445214222
2012/2/9,0.445604905
2012/2/10,0.446058174
2012/2/13,0.446035416
2012/2/14,0.444690782
2012/2/15,0.448849854
2012/2/16,0.446983677
2012/2/17,0.447044365
2012/2/20,0.448261932
2012/2/21,0.451643431
2012/2/22,0.455846124
2012/2/23,0.456976451
2012/2/24,0.462681189
2012/2/27,0.464090305
2012/2/28,0.465000635
2012/2/29,0.460568463
2012/3/1,0.460117091
2012/3/2,0.466675264
2012/3/5,0.463699621
2012/3/6,0.457147138
2012/3/7,0.454177184
2012/3/8,0.459011419
2012/3/9,0.462648948
2012/3/12,0.461776548
2012/3/13,0.465747865
2012/3/14,0.453502023
2012/3/15,0.450190695
2012/3/16,0.456064224
2012/3/19,0.457095932
2012/3/20,0.450772928
2012/3/21,0.451030855
2012/3/22,0.45057
2012/3/23,0.445595423
2012/3/26,0.445796454
2012/3/27,0.445147843
2012/3/28,0.433332512
2012/3/29,0.427127092
2012/3/30,0.429143094
2012/4/5,0.436624874
2012/4/6,0.437442275
2012/4/9,0.433503198
2012/4/10,0.437311415
2012/4/11,0.437893647
2012/4/12,0.445845763
2012/4/13,0.447419877
2012/4/16,0.447015918
2012/4/17,0.442835983
2012/4/18,0.451533433
2012/4/19,0.451112405
2012/4/20,0.456466286
2012/4/23,0.453001341
2012/4/24,0.453046857
2012/4/25,0.456456804
2012/4/26,0.456056638
2012/4/27,0.454467352
2012/5/2,0.462455503
2012/5/3,0.462766532
2012/5/4,0.465029083
2012/5/7,0.465017704
2012/5/8,0.464435472
2012/5/9,0.456794385
2012/5/10,0.457105414
2012/5/11,0.454213218
2012/5/14,0.451508778
2012/5/15,0.450393623
2012/5/16,0.444960088
2012/5/17,0.451161715
2012/5/18,0.444643369
2012/5/21,0.445360254
2012/5/22,0.450103455
2012/5/23,0.448231588
2012/5/24,0.445866625
2012/5/25,0.442562884
2012/5/28,0.447839008
2012/5/29,0.453200476
2012/5/30,0.452257904
2012/5/31,0.449898631
2012/6/1,0.45012811
2012/6/4,0.437821579
2012/6/5,0.438460707
2012/6/6,0.438011231
2012/6/7,0.434897142
2012/6/8,0.432682004
2012/6/11,0.437311415
2012/6/12,0.434263704
2012/6/13,0.439788272
2012/6/14,0.435431961
2012/6/15,0.43749917
2012/6/18,0.43924397
2012/6/19,0.436351774
2012/6/20,0.434849729
2012/6/21,0.428780859
2012/6/25,0.421807348
2012/6/26,0.421420457
2012/6/27,0.420445645
2012/6/28,0.41644588
2012/6/29,0.422057688
2012/7/2,0.422186652
2012/7/3,0.422770781
2012/7/4,0.422416131
2012/7/5,0.417490864
2012/7/6,0.421706832
2012/7/9,0.411698885
2012/7/10,0.410490801
2012/7/11,0.412565596
2012/7/12,0.41448298
2012/7/13,0.414558841
2012/7/16,0.407363436
2012/7/17,0.409874431
2012/7/18,0.41137458
2012/7/19,0.414359706
2012/7/20,0.41128734
2012/7/23,0.406121214
2012/7/24,0.407105509
2012/7/25,0.40512554
2012/7/26,0.40320057
2012/7/27,0.403724011
2012/7/30,0.400149067
2012/7/31,0.398958051
2012/8/1,0.402699889
2012/8/2,0.400389925
2012/8/3,0.404490205
2012/8/6,0.408685312
2012/8/7,0.409197373
2012/8/8,0.409836501
2012/8/9,0.412322841
2012/8/10,0.411319581
2012/8/13,0.405112265
2012/8/14,0.406335521
2012/8/15,0.401863522
2012/8/16,0.40058337
2012/8/17,0.401093535
2012/8/20,0.399589593
2012/8/21,0.401734559
2012/8/22,0.399731832
2012/8/23,0.400748368
2012/8/24,0.396771361
2012/8/27,0.389869918
2012/8/28,0.393177452
2012/8/29,0.389401477
2012/8/30,0.389278203
2012/8/31,0.388316666
2012/9/3,0.390522321
2012/9/4,0.387582712
2012/9/5,0.386450488
2012/9/6,0.389151136
2012/9/7,0.403534358
2012/9/10,0.404886579
2012/9/11,0.402166966
2012/9/12,0.403304879
2012/9/13,0.400238203
2012/9/14,0.402792818
2012/9/17,0.394192091
2012/9/18,0.390596285
2012/9/19,0.392168502
2012/9/20,0.384015354
2012/9/21,0.384366211
2012/9/24,0.38559895
2012/9/25,0.384859307
2012/9/26,0.380095243
2012/9/27,0.389985605
2012/9/28,0.395646723
2012/10/8,0.39341831
2012/10/9,0.401158016
2012/10/10,0.402051278
2012/10/11,0.398813915
2012/10/12,0.399204599
2012/10/15,0.398023066
2012/10/16,0.398043927
2012/10/17,0.399335459
2012/10/18,0.404279691
2012/10/19,0.403636771
2012/10/22,0.404482619
2012/10/23,0.401010088
2012/10/24,0.401302152
2012/10/25,0.398569264
2012/10/26,0.391861266
2012/10/29,0.390482494
2012/10/30,0.391129208
2012/10/31,0.392367637
2012/11/1,0.399109773
2012/11/2,0.401503183
2012/11/5,0.400930434
2012/11/6,0.399407527
2012/11/7,0.39935632
2012/11/8,0.392866422
2012/11/9,0.392403671
2012/11/12,0.394338123
2012/11/13,0.388386837
2012/11/14,0.389814918
2012/11/15,0.385048959
2012/11/16,0.382096074
2012/11/19,0.382524688
2012/11/20,0.380996091
2012/11/21,0.385054648
2012/11/22,0.382264864
2012/11/23,0.384497071
2012/11/26,0.382615721
2012/11/27,0.377627868
2012/11/28,0.374282404
2012/11/29,0.372380192
2012/11/30,0.375534108
2012/12/3,0.371674686
2012/12/4,0.37458964
2012/12/5,0.385356195
2012/12/6,0.384849824
2012/12/7,0.391023003
2012/12/10,0.395191558
2012/12/11,0.393471413
2012/12/12,0.39499432
2012/12/13,0.390964211
2012/12/14,0.407871704
2012/12/17,0.409713227
2012/12/18,0.41011529
2012/12/19,0.410073566
2012/12/20,0.411232341
2012/12/21,0.408379972
2012/12/24,0.409468576
2012/12/25,0.419815999
2012/12/26,0.42086288
2012/12/27,0.418353781
2012/12/28,0.423540769
2012/12/31,0.430345489
2013/1/4,0.431836156
2013/1/7,0.433423545
2013/1/8,0.431661676
2013/1/9,0.43152323
2013/1/10,0.433101136
2013/1/11,0.425389878
2013/1/14,0.43842657
2013/1/15,0.441070321
2013/1/16,0.438001749
2013/1/17,0.433338201
2013/1/18,0.439437416
2013/1/21,0.441552038
2013/1/22,0.439071387
2013/1/23,0.44016568
2013/1/24,0.436693148
2013/1/25,0.434550079
2013/1/28,0.445020776
2013/1/29,0.447385739
2013/1/30,0.451840669
2013/1/31,0.452400143
2013/2/1,0.458772457
2013/2/4,0.460503982
2013/2/5,0.46144845
2013/2/6,0.46170448
2013/2/7,0.458679528
2013/2/8,0.461310004
2013/2/18,0.459254174
2013/2/19,0.451924116
2013/2/20,0.454630453
2013/2/21,0.441121527
2013/2/22,0.438885528
2013/2/25,0.441096872
2013/2/26,0.434936969
2013/2/27,0.438707255
2013/2/28,0.44863934
2013/3/1,0.447486255
2013/3/4,0.431155304
2013/3/5,0.441189802
2013/3/6,0.445147843
2013/3/7,0.440806705
2013/3/8,0.43972948
2013/3/11,0.438208469
2013/3/12,0.43366061
2013/3/13,0.429366884
2013/3/14,0.430563589
2013/3/15,0.432103565
2013/3/18,0.424824714
2013/3/19,0.428126559
2013/3/20,0.439494311
2013/3/21,0.440797222
2013/3/22,0.441563417
2013/3/25,0.441267559
2013/3/26,0.435758163
2013/3/27,0.436439014
2013/3/28,0.424119208
2013/3/29,0.424179896
2013/4/1,0.423756972
2013/4/2,0.422495785
2013/4/3,0.422033034
2013/4/8,0.419432902
2013/4/9,0.422124067
2013/4/10,0.422190445
2013/4/11,0.420942533
2013/4/12,0.418520675
2013/4/15,0.413809714
2013/4/16,0.416258124
2013/4/17,0.416058989
2013/4/18,0.416779668
2013/4/19,0.425700907
2013/4/22,0.425232466
2013/4/23,0.41430281
2013/4/24,0.420709261
2013/4/25,0.417103973
2013/4/26,0.413045416
2013/5/2,0.412326634
2013/5/3,0.41827792
2013/5/6,0.423146292
2013/5/7,0.423980762
2013/5/8,0.42601573
2013/5/9,0.423487666
2013/5/10,0.426116245
2013/5/13,0.425185053
2013/5/14,0.420460817
2013/5/15,0.421938208
2013/5/16,0.427060713
2013/5/17,0.432951311
2013/5/20,0.436198156
2013/5/21,0.437169175
2013/5/22,0.436655218
2013/5/23,0.431585815
2013/5/24,0.434024742
2013/5/27,0.43488766
2013/5/28,0.440243438
2013/5/29,0.440755498
2013/5/30,0.439566379
2013/5/31,0.436311948
2013/6/3,0.436057814
2013/6/4,0.430969445
2013/6/5,0.430686863
2013/6/6,0.425221087
2013/6/7,0.419302042
2013/6/13,0.407441194
2013/6/14,0.410035636
2013/6/17,0.40893186
2013/6/18,0.409514092
2013/6/19,0.406510001
2013/6/20,0.395238971
2013/6/21,0.393166073
2013/6/24,0.372330882
2013/6/25,0.371625376
2013/6/26,0.370104366
2013/6/27,0.36982368
2013/6/28,0.375361525
2013/7/1,0.378401649
2013/7/2,0.380548512
2013/7/3,0.378217687
2013/7/4,0.380461272
2013/7/5,0.380669889
2013/7/8,0.371390207
2013/7/9,0.37275191
2013/7/10,0.380846266
2013/7/11,0.393147108
2013/7/12,0.386793759
2013/7/15,0.390567838
2013/7/16,0.391768336
2013/7/17,0.38782357
2013/7/18,0.383742255
2013/7/19,0.37791045
2013/7/22,0.380207138
2013/7/23,0.387626332
2013/7/24,0.385625501
2013/7/25,0.383319331
2013/7/26,0.38136212
2013/7/29,0.374811533
2013/7/30,0.377419251
2013/7/31,0.37812855
2013/8/1,0.384817583
2013/8/2,0.384883961
2013/8/5,0.388878037
2013/8/6,0.390778352
2013/8/7,0.388176323
2013/8/8,0.387817881
2013/8/9,0.389211824
2013/8/12,0.398512368
2013/8/13,0.399437871
2013/8/14,0.398296165
2013/8/15,0.394833116
2013/8/16,0.392286087
2013/8/19,0.395538622
2013/8/20,0.393071247
2013/8/21,0.393141418
2013/8/22,0.392033849
2013/8/23,0.390201809
2013/8/26,0.397600141
2013/8/27,0.398946672
2013/8/28,0.398516161
2013/8/29,0.397744277
2013/8/30,0.397962377
2013/9/2,0.397975652
2013/9/3,0.402652476
2013/9/4,0.403507807
2013/9/5,0.402523512
2013/9/6,0.405853805
2013/9/9,0.419609279
2013/9/10,0.424437823
2013/9/11,0.425061779
2013/9/12,0.427781392
2013/9/13,0.424104036
2013/9/16,0.423189912
2013/9/17,0.414496255
2013/9/18,0.415689168
2013/9/23,0.421225115
2013/9/24,0.418662914
2013/9/25,0.416952251
2013/9/26,0.408854102
2013/9/27,0.409654435
2013/9/30,0.412429046
2013/10/8,0.416893459
2013/10/9,0.419467039
2013/10/10,0.415514688
2013/10/11,0.422573542
2013/10/14,0.424397997
2013/10/15,0.423571113
2013/10/16,0.415920543
2013/10/17,0.415061419
2013/10/18,0.416055196
2013/10/21,0.422780263
2013/10/22,0.419254629
2013/10/23,0.414031607
2013/10/24,0.410468043
2013/10/25,0.404518653
2013/10/28,0.404693133
2013/10/29,0.403742976
2013/10/30,0.409735985
2013/10/31,0.406161041
2013/11/1,0.407668776
2013/11/4,0.407682052
2013/11/5,0.409125305
2013/11/6,0.405781737
2013/11/7,0.403845388
2013/11/8,0.399432181
2013/11/11,0.40006562
2013/11/12,0.403346603
2013/11/13,0.395982408
2013/11/14,0.398366336
2013/11/15,0.405064852
2013/11/18,0.4167076
2013/11/19,0.415931922
2013/11/20,0.418488434
2013/11/21,0.418329126
2013/11/22,0.416548292
2013/11/25,0.414600564
2013/11/26,0.414024021
2013/11/27,0.417437761
2013/11/28,0.420908396
2013/11/29,0.421122703
2013/12/2,0.41863257
2013/12/3,0.421534248
2013/12/4,0.427051231
2013/12/5,0.426159865
2013/12/6,0.424272826
2013/12/9,0.424479547
2013/12/10,0.424344894
2013/12/11,0.418025683
2013/12/12,0.417765859
2013/12/13,0.4164895
2013/12/16,0.409811846
2013/12/17,0.407957048
2013/12/18,0.407426021
2013/12/19,0.403540048
2013/12/20,0.395385003
2013/12/23,0.396318092
2013/12/24,0.396924979
2013/12/25,0.399473905
2013/12/26,0.393167969
2013/12/27,0.398506679
2013/12/30,0.397801172
2013/12/31,0.401300255
2014/1/2,0.400050447
2014/1/3,0.395072077
2014/1/6,0.387973396
2014/1/7,0.388278736
2014/1/8,0.387713572
2014/1/9,0.384542587
2014/1/10,0.381826768
2014/1/13,0.381117469
2014/1/14,0.384394659
2014/1/15,0.383732772
2014/1/16,0.383799151
2014/1/17,0.380243172
2014/1/20,0.377644937
2014/1/21,0.380880403
2014/1/22,0.389118895
2014/1/23,0.387303923
2014/1/24,0.389619577
2014/1/27,0.385619812
2014/1/28,0.3866079
2014/1/29,0.388769935
2014/1/30,0.385578088
2014/2/7,0.387743916
2014/2/10,0.395627758
2014/2/11,0.398965637
2014/2/12,0.400156653
2014/2/13,0.39796617
2014/2/14,0.401275601
2014/2/17,0.404985198
2014/2/18,0.401886281
2014/2/19,0.406339314
2014/2/20,0.405624326
2014/2/21,0.400865952
2014/2/24,0.393848821
2014/2/25,0.385794292
2014/2/26,0.387127547
2014/2/27,0.388284425
2014/2/28,0.389981812
2014/3/3,0.393573825
2014/3/4,0.392858836
2014/3/5,0.389371132
2014/3/6,0.390603872
2014/3/7,0.390287152
2014/3/10,0.379128017
2014/3/11,0.37952439
2014/3/12,0.378866297
2014/3/13,0.382928647
2014/3/14,0.380127484
2014/3/17,0.383793461
2014/3/18,0.384083629
2014/3/19,0.383425536
2014/3/20,0.378067861
2014/3/21,0.388335631
2014/3/24,0.391874541
2014/3/25,0.392069883
2014/3/26,0.391379549
2014/3/27,0.38814029
2014/3/28,0.387214787
2014/3/31,0.385621708
2014/4/1,0.388305287
2014/4/2,0.390491977
2014/4/3,0.387592195
2014/4/4,0.390461632
2014/4/8,0.397943412
2014/4/9,0.399263391
2014/4/10,0.404774684
2014/4/11,0.404061591
2014/4/14,0.404251244
2014/4/15,0.398573057
2014/4/16,0.399240633
2014/4/17,0.398059099
2014/4/18,0.397842896
2014/4/21,0.391789198
2014/4/22,0.393116763
2014/4/23,0.392083159
2014/4/24,0.390120258
2014/4/25,0.386230492
2014/4/28,0.37996628
2014/4/29,0.383161919
2014/4/30,0.384303626
2014/5/5,0.384491381
2014/5/6,0.384622241
2014/5/7,0.381216088
2014/5/8,0.382200383
2014/5/9,0.381415223
2014/5/12,0.389331305
2014/5/13,0.38892545
2014/5/14,0.38839063
2014/5/15,0.384040009
2014/5/16,0.384330177
2014/5/19,0.380286792
2014/5/20,0.38084437
2014/5/21,0.384036216
2014/5/22,0.383342089
2014/5/23,0.38586067
2014/5/26,0.387171167
2014/5/27,0.38586067
2014/5/28,0.388830624
2014/5/29,0.387004273
2014/5/30,0.386740656
2014/6/3,0.386569969
2014/6/4,0.384013458
2014/6/5,0.387057375
2014/6/6,0.384986373
2014/6/9,0.385088786
2014/6/10,0.389266824
2014/6/11,0.389725782
2014/6/12,0.389111309
2014/6/13,0.392716597
2014/6/16,0.39561069
2014/6/17,0.391954195
2014/6/18,0.389833884
2014/6/19,0.38380484
2014/6/20,0.384362418
2014/6/23,0.383926218
2014/6/24,0.385739293
2014/6/25,0.384140525
2014/6/26,0.386640141
2014/6/27,0.386228595
2014/6/30,0.388470284
2014/7/1,0.388859071
2014/7/2,0.390573527
2014/7/3,0.391296102
2014/7/4,0.390565941
2014/7/7,0.39067025
2014/7/8,0.391445927
2014/7/9,0.386626865
2014/7/10,0.386575659
2014/7/11,0.388210461
2014/7/14,0.391944713
2014/7/15,0.392648322
2014/7/16,0.392064193
2014/7/17,0.389847159
2014/7/18,0.390507149
2014/7/21,0.389636645
2014/7/22,0.393619341
2014/7/23,0.394190195
2014/7/24,0.399229253
2014/7/25,0.403316258
2014/7/28,0.413053002
2014/7/29,0.41404678
2014/7/30,0.413676958
2014/7/31,0.41753069
2014/8/1,0.414446946
2014/8/4,0.421659419
2014/8/5,0.421018394
2014/8/6,0.420548057
2014/8/7,0.414896421
2014/8/8,0.41617847
2014/8/11,0.42190976
2014/8/12,0.421329424
2014/8/13,0.421574075
2014/8/14,0.418461883
2014/8/15,0.422304236
2014/8/18,0.424720405
2014/8/19,0.425831767
2014/8/20,0.424860748
2014/8/21,0.423011639
2014/8/22,0.424974539
2014/8/25,0.422785953
2014/8/26,0.41858326
2014/8/27,0.419030839
2014/8/28,0.416442087
2014/8/29,0.420496851
2014/9/1,0.423969383
2014/9/2,0.429761361
2014/9/3,0.434043707
2014/9/4,0.437501067
2014/9/5,0.44121256
2014/9/9,0.441231526
2014/9/10,0.439670688
2014/9/11,0.43841519
2014/9/12,0.44225944
2014/9/15,0.44362304
2014/9/16,0.435545753
2014/9/17,0.437696409
2014/9/18,0.439221212
2014/9/19,0.44178531
2014/9/22,0.434278876
2014/9/23,0.438043472
2014/9/24,0.444463199
2014/9/25,0.444753367
2014/9/26,0.445250256
2014/9/29,0.447144881
2014/9/30,0.448313139
2014/10/8,0.451901358
2014/10/9,0.45314927
2014/10/10,0.450336727
2014/10/13,0.448718994
2014/10/14,0.447478669
2014/10/15,0.45017173
2014/10/16,0.446915402
2014/10/17,0.44400993
2014/10/20,0.446959022
2014/10/21,0.443721659
2014/10/22,0.441235319
2014/10/23,0.436659011
2014/10/24,0.43663246
2014/10/27,0.434386978
2014/10/28,0.443382181
2014/10/29,0.450050353
2014/10/30,0.453473575
2014/10/31,0.458992454
2014/11/3,0.460860528
2014/11/4,0.460983802
2014/11/5,0.458816077
2014/11/6,0.460069678
2014/11/7,0.458611253
2014/11/10,0.46913695
2014/11/11,0.468378341
2014/11/12,0.473083612
2014/11/13,0.471401397
2014/11/14,0.470113659
2014/11/17,0.469201431
2014/11/18,0.465855967
2014/11/19,0.464835638
2014/11/20,0.465152357
2014/11/21,0.471625187
2014/11/24,0.480366256
2014/11/25,0.486950981
2014/11/26,0.493918802
2014/11/27,0.498878207
2014/11/28,0.5088065
2014/12/1,0.508298232
2014/12/2,0.524113329
2014/12/3,0.527143971
2014/12/4,0.549888959
2014/12/5,0.557131776
2014/12/8,0.572798944
2014/12/9,0.54169788
2014/12/10,0.557579355
2014/12/11,0.554873018
2014/12/12,0.557230395
2014/12/15,0.560122591
2014/12/16,0.573037906
2014/12/17,0.580529168
2014/12/18,0.579865385
2014/12/19,0.589552819
2014/12/22,0.593127763
2014/12/23,0.575141149
2014/12/24,0.563746845
2014/12/25,0.582713961
2014/12/26,0.598845777
2014/12/29,0.600821953
2014/12/30,0.600404718
2014/12/31,0.613464168
2015/1/5,0.635433479
2015/1/6,0.635609855
2015/1/7,0.63987703
2015/1/8,0.624611924
2015/1/9,0.623085224
2015/1/12,0.612447632
2015/1/13,0.613581752
2015/1/14,0.611142825
2015/1/15,0.632765072
2015/1/16,0.640358746
2015/1/19,0.591022624
2015/1/20,0.601775903
2015/1/21,0.630329938
2015/1/22,0.634071776
2015/1/23,0.635668647
2015/1/26,0.641627519
2015/1/27,0.63589623
2015/1/28,0.626940853
2015/1/29,0.618702362
2015/1/30,0.608851827
2015/2/2,0.593288967
2015/2/3,0.607818222
2015/2/4,0.601980728
2015/2/5,0.594849805
2015/2/6,0.583353089
2015/2/9,0.586996307
2015/2/10,0.595809445
2015/2/11,0.598864742
2015/2/12,0.601846074
2015/2/13,0.607613398
2015/2/16,0.611127653
2015/2/17,0.615783614
2015/2/25,0.612356599
2015/2/26,0.62554122
2015/2/27,0.627805667
2015/3/2,0.632732831
2015/3/3,0.618844601
2015/3/4,0.621970069
2015/3/5,0.616081368
2015/3/6,0.614698804
2015/3/9,0.626309311
2015/3/10,0.623210394
2015/3/11,0.624126415
2015/3/12,0.635205896
2015/3/13,0.639679791
2015/3/16,0.654167323
2015/3/17,0.664323198
2015/3/18,0.678442804
2015/3/19,0.679385375
2015/3/20,0.686032685
2015/3/23,0.699386096
2015/3/24,0.700084016
2015/3/25,0.694265487
2015/3/26,0.698316457
2015/3/27,0.700025224
2015/3/30,0.718131319
2015/3/31,0.710797469
2015/4/1,0.722629869
2015/4/2,0.725567582
2015/4/3,0.732802813
2015/4/7,0.75128442
2015/4/8,0.757624492
2015/4/9,0.750554259
2015/4/10,0.765115754
2015/4/13,0.781693253
2015/4/14,0.784318039
2015/4/15,0.774569916
2015/4/16,0.795556828
2015/4/17,0.813095863
2015/4/20,0.799778486
2015/4/21,0.814294465
2015/4/22,0.834183291
2015/4/23,0.837221519
2015/4/24,0.833272961
2015/4/27,0.858631356
2015/4/28,0.848924957
2015/4/29,0.849000817
2015/4/30,0.84236868
2015/5/4,0.849729082
2015/5/5,0.815259795
2015/5/6,0.802090347
2015/5/7,0.77988966
2015/5/8,0.797661968
2015/5/11,0.821872967
2015/5/12,0.834701042
2015/5/13,0.829872497
2015/5/14,0.83035611
2015/5/15,0.817152524
2015/5/18,0.812373289
2015/5/19,0.837798062
2015/5/20,0.843248666
2015/5/21,0.859014453
2015/5/22,0.883324072
2015/5/25,0.912947745
2015/5/26,0.931362973
2015/5/27,0.937206158
2015/5/28,0.876244355
2015/5/29,0.874626622
2015/6/1,0.915781149
2015/6/2,0.931292802
2015/6/3,0.931188493
2015/6/4,0.938228383
2015/6/5,0.95264195
2015/6/8,0.973272316
2015/6/9,0.969792198
2015/6/10,0.968371703
2015/6/11,0.971320795
2015/6/12,0.979809627
2015/6/15,0.960207176
2015/6/16,0.926911836
2015/6/17,0.942173149
2015/6/18,0.907554037
2015/6/19,0.849330812
2015/6/23,0.867941382
2015/6/24,0.889497251
2015/6/25,0.858703424
2015/6/26,0.795187007
2015/6/29,0.768666043
2015/6/30,0.811184169
2015/7/1,0.76879311
2015/7/2,0.742065426
2015/7/3,0.699230581
2015/7/6,0.716109627
2015/7/7,0.706858392
2015/7/8,0.665146288
2015/7/9,0.703482583
2015/7/10,0.735433289
2015/7/13,0.752993186
2015/7/14,0.74428815
2015/7/15,0.721759365
2015/7/16,0.725074486
2015/7/17,0.750520121
2015/7/20,0.757112432
2015/7/21,0.761961838
2015/7/22,0.763549227
2015/7/23,0.782110488
2015/7/24,0.772057025
2015/7/27,0.706560638
2015/7/28,0.694695997
2015/7/29,0.718624415
2015/7/30,0.702807421
2015/7/31,0.694834443
2015/8/3,0.68709284
2015/8/4,0.71243796
2015/8/5,0.700683317
2015/8/6,0.694419105
2015/8/7,0.710095755
2015/8/10,0.745031587
2015/8/11,0.74493676
2015/8/12,0.737049126
2015/8/13,0.749990992
2015/8/14,0.752035442
2015/8/17,0.757408289
2015/8/18,0.710846778
2015/8/19,0.719561297
2015/8/20,0.694940648
2015/8/21,0.665250597
2015/8/24,0.608766483
2015/8/25,0.562313074
2015/8/26,0.555166979
2015/8/27,0.584809618
2015/8/28,0.613022278
2015/8/31,0.608023047
2015/9/1,0.60055644
2015/9/2,0.599333183
2015/9/7,0.58420842
2015/9/8,0.601282807
2015/9/9,0.615059143
2015/9/10,0.606486864
2015/9/11,0.60693065
2015/9/14,0.590728663
2015/9/15,0.569937092
2015/9/16,0.597833034
2015/9/17,0.585278059
2015/9/18,0.587527334
2015/9/21,0.598644745
2015/9/22,0.604159831
2015/9/23,0.590935384
2015/9/24,0.596018062
2015/9/25,0.586470971
2015/9/28,0.588065946
2015/9/29,0.576189925
2015/9/30,0.578966433
2015/10/8,0.596145129
2015/10/9,0.60369139
2015/10/12,0.623511941
2015/10/13,0.624568304
2015/10/14,0.618728913
2015/10/15,0.633072309
2015/10/16,0.643176978
2015/10/19,0.642295095
2015/10/20,0.649621359
2015/10/21,0.629774257
2015/10/22,0.638888942
2015/10/23,0.647174846
2015/10/26,0.650427381
2015/10/27,0.651330126
2015/10/28,0.640114095
2015/10/29,0.642412679
2015/10/30,0.641509935
2015/11/2,0.630610623
2015/11/3,0.629019441
2015/11/4,0.656128326
2015/11/5,0.668110552
2015/11/6,0.680857076
2015/11/9,0.691638804
2015/11/10,0.690426926
2015/11/11,0.692277932
2015/11/12,0.688987466
2015/11/13,0.679114173
2015/11/16,0.684067888
2015/11/17,0.683658239
2015/11/18,0.676768175
2015/11/19,0.685983375
2015/11/20,0.688532301
2015/11/23,0.684705119
2015/11/24,0.685803206
2015/11/25,0.691837938
2015/11/26,0.689490044
2015/11/27,0.651701844
2015/11/30,0.653429576
2015/12/1,0.655496784
2015/12/2,0.670782752
2015/12/3,0.679868988
2015/12/4,0.668522097
2015/12/7,0.670786545
2015/12/8,0.658106399
2015/12/9,0.658555874
2015/12/10,0.65534127
2015/12/11,0.651375642
2015/12/14,0.6677028
2015/12/15,0.665745589
2015/12/16,0.666853158
2015/12/17,0.678954865
2015/12/18,0.678757626
2015/12/21,0.690802437
2015/12/22,0.692566203
2015/12/23,0.689592456
2015/12/24,0.685116665
2015/12/25,0.688041101
2015/12/28,0.67018914
2015/12/29,0.67587112
2015/12/30,0.677604541
2015/12/31,0.671213262
2016/1/4,0.62514295
2016/1/5,0.623521424
2016/1/6,0.637580341
2016/1/7,0.592663115
2016/1/8,0.604309657
2016/1/11,0.572123782
2016/1/12,0.57329204
2016/1/13,0.55939812
2016/1/14,0.57040743
2016/1/15,0.550175333
2016/1/18,0.552616157
2016/1/19,0.570424499
2016/1/20,0.564535798
2016/1/21,0.54628936
2016/1/22,0.553132011
2016/1/25,0.557294877
2016/1/26,0.521503714
2016/1/27,0.518804964
2016/1/28,0.503651753
2016/1/29,0.519191854
2016/2/1,0.509946309
2016/2/2,0.521461991
2016/2/3,0.51950478
2016/2/4,0.527426552
2016/2/5,0.524101949
2016/2/15,0.520822863
2016/2/16,0.537961732
2016/2/17,0.54379733
2016/2/18,0.542953378
2016/2/19,0.542409076
2016/2/22,0.555146118
2016/2/23,0.550622913
2016/2/24,0.555472319
2016/2/25,0.519884085
2016/2/26,0.524807456
2016/2/29,0.509781312
2016/3/1,0.518351695
2016/3/2,0.540448072
2016/3/3,0.542359766
2016/3/4,0.545088862
2016/3/7,0.549486896
2016/3/8,0.550254987
2016/3/9,0.542890793
2016/3/10,0.531923206
2016/3/11,0.532981465
2016/3/14,0.542310457
2016/3/15,0.543234063
2016/3/16,0.544383355
2016/3/17,0.550907391
2016/3/18,0.560450689
2016/3/21,0.572522052
2016/3/22,0.568835213
2016/3/23,0.570845526
2016/3/24,0.561554465
2016/3/25,0.565055445
2016/3/28,0.560957061
2016/3/29,0.553752174
2016/3/30,0.569077968
2016/3/31,0.569700027
2016/4/1,0.570763976
2016/4/5,0.579021433
2016/4/6,0.578551095
2016/4/7,0.570553462
2016/4/8,0.566104221
2016/4/11,0.575397179
2016/4/12,0.573441865
2016/4/13,0.581595013
2016/4/14,0.584576345
2016/4/15,0.58377222
2016/4/18,0.575340283
2016/4/19,0.577077498
2016/4/20,0.563756327
2016/4/21,0.560022076
2016/4/22,0.561226367
2016/4/25,0.558842439
2016/4/26,0.562261868
2016/4/27,0.560170004
2016/4/28,0.558637614
2016/4/29,0.557258843
2016/5/3,0.56756075
2016/5/4,0.567300927
2016/5/5,0.568546942
2016/5/6,0.552504262
2016/5/9,0.537115883
2016/5/10,0.537206916
2016/5/11,0.538050869
2016/5/12,0.537827079
2016/5/13,0.536167622
2016/5/16,0.540671862
2016/5/17,0.539310159
2016/5/18,0.532450439
2016/5/19,0.532336648
2016/5/20,0.535858489
2016/5/23,0.539302573
2016/5/24,0.535135914
2016/5/25,0.533888003
2016/5/26,0.535281946
2016/5/27,0.53501833
2016/5/30,0.535283843
2016/5/31,0.55314339
2016/6/1,0.552553572
2016/6/2,0.554776296
2016/6/3,0.557327118
2016/6/6,0.556458511
2016/6/7,0.556826436
2016/6/8,0.555142324
2016/6/13,0.537297949
2016/6/14,0.539027577
2016/6/15,0.547565719
2016/6/16,0.544836624
2016/6/17,0.54716745
2016/6/20,0.547869163
2016/6/21,0.545925228
2016/6/22,0.551043941
2016/6/23,0.548466567
2016/6/24,0.541322369
2016/6/27,0.549175866
2016/6/28,0.552373402
2016/6/29,0.555982484
2016/6/30,0.555606972
2016/7/1,0.556151274
2016/7/4,0.566794555
2016/7/5,0.570168468
2016/7/6,0.572235677
2016/7/7,0.57215223
2016/7/8,0.566697833
2016/7/11,0.567993157
2016/7/12,0.578321616
2016/7/13,0.580466582
2016/7/14,0.579201602
2016/7/15,0.579254705
2016/7/18,0.57721784
2016/7/19,0.575897861
2016/7/20,0.574247887
2016/7/21,0.576354923
2016/7/22,0.571387932
2016/7/25,0.571958785
2016/7/26,0.578471441
2016/7/27,0.567439373
2016/7/28,0.567879366
2016/7/29,0.565038376
2016/8/1,0.560116902
2016/8/2,0.563509779
2016/8/3,0.564871482
2016/8/4,0.565624401
2016/8/5,0.564537694
2016/8/8,0.569768302
2016/8/9,0.573826859
2016/8/10,0.572512569
2016/8/11,0.569457272
2016/8/12,0.578566267
2016/8/15,0.592701046
2016/8/16,0.589825918
2016/8/17,0.589732989
2016/8/18,0.588701281
2016/8/19,0.589457993
2016/8/22,0.585040993
2016/8/23,0.585970289
2016/8/24,0.585243921
2016/8/25,0.581915525
2016/8/26,0.582291036
2016/8/29,0.582237934
2016/8/30,0.583119817
2016/8/31,0.585169957
2016/9/1,0.580963471
2016/9/2,0.581729666
2016/9/5,0.582630514
2016/9/6,0.586159941
2016/9/7,0.586391317
2016/9/8,0.587153719
2016/9/9,0.583910666
2016/9/12,0.573125146
2016/9/13,0.573415314
2016/9/14,0.569497099
2016/9/19,0.57389703
2016/9/20,0.573318591
2016/9/21,0.573862893
2016/9/22,0.576980775
2016/9/23,0.5753858
2016/9/26,0.565245097
2016/9/27,0.568609527
2016/9/28,0.566654213
2016/9/29,0.568668319
2016/9/30,0.569847956
2016/10/10,0.578086447
2016/10/11,0.581331396
2016/10/12,0.580051244
2016/10/13,0.580591753
2016/10/14,0.581058297
2016/10/17,0.576764571
2016/10/18,0.584864617
2016/10/19,0.585023925
2016/10/20,0.584974615
2016/10/21,0.586203561
2016/10/24,0.593279485
2016/10/25,0.593979301
2016/10/26,0.591015038
2016/10/27,0.590264015
2016/10/28,0.588731625
2016/10/31,0.58801474
2016/11/1,0.592177605
2016/11/2,0.588439561
2016/11/3,0.593410345
2016/11/4,0.592723804
2016/11/7,0.594242918
2016/11/8,0.597004254
2016/11/9,0.593302243
2016/11/10,0.601440219
2016/11/11,0.606136007
2016/11/14,0.608853723
2016/11/15,0.608212699
2016/11/16,0.60784667
2016/11/17,0.608489591
2016/11/18,0.605532913
2016/11/21,0.610329217
2016/11/22,0.616056714
2016/11/23,0.614689321
2016/11/24,0.614803113
2016/11/25,0.618634087
2016/11/28,0.621490249
2016/11/29,0.62261299
2016/11/30,0.616375329
2016/12/1,0.620790432
2016/12/2,0.615201382
2016/12/5,0.607780292
2016/12/6,0.606820652
2016/12/7,0.611104895
2016/12/8,0.609801984
2016/12/9,0.613122794
2016/12/12,0.597967687
2016/12/13,0.598360267
2016/12/14,0.595608414
2016/12/15,0.591274861
2016/12/16,0.592280018
2016/12/19,0.591350722
2016/12/20,0.588468009
2016/12/21,0.595020492
2016/12/22,0.595424451
2016/12/23,0.58984678
2016/12/26,0.59220226
2016/12/27,0.590702111
2016/12/28,0.588346631
2016/12/29,0.587182167
2016/12/30,0.588612144
2017/1/3,0.594734117
2017/1/4,0.599071463
2017/1/5,0.60032696
2017/1/6,0.598223718
2017/1/9,0.601432633
2017/1/10,0.599617661
2017/1/11,0.594891528
2017/1/12,0.591580201
2017/1/13,0.590341772
2017/1/16,0.588572317
2017/1/17,0.58958506
2017/1/18,0.590389185
2017/1/19,0.588168358
2017/1/20,0.592310362
2017/1/23,0.594895321
2017/1/24,0.595991511
2017/1/25,0.597319077
2017/1/26,0.599143531
2017/2/3,0.595540139
2017/2/6,0.598728192
2017/2/7,0.597990445
2017/2/8,0.600624714
2017/2/9,0.60369708
2017/2/10,0.606261178
2017/2/13,0.610080773
2017/2/14,0.610287494
2017/2/15,0.609350612
2017/2/16,0.612504528
2017/2/17,0.607281506
2017/2/20,0.614465532
2017/2/21,0.617001182
2017/2/22,0.618497537
2017/2/23,0.61663136
2017/2/24,0.617020147
2017/2/27,0.612322462
2017/2/28,0.614801216
2017/3/1,0.615787407
2017/3/2,0.612582285
2017/3/3,0.610359562
2017/3/6,0.61331055
2017/3/7,0.61493018
2017/3/8,0.614598288
2017/3/9,0.610063704
2017/3/10,0.609306992
2017/3/13,0.613907954
2017/3/14,0.614346051
2017/3/15,0.614806906
2017/3/16,0.619961652
2017/3/17,0.613989505
2017/3/20,0.616523258
2017/3/21,0.618571502
2017/3/22,0.615463102
2017/3/23,0.616094644
2017/3/24,0.620058375
2017/3/27,0.619586141
2017/3/28,0.616929114
2017/3/29,0.614721562
2017/3/30,0.608829068
2017/3/31,0.611156101
2017/4/5,0.620221476
2017/4/6,0.622248858
2017/4/7,0.623314703
2017/4/10,0.620046996
2017/4/11,0.623760386
2017/4/12,0.620889052
2017/4/13,0.621293011
2017/4/14,0.615624307
2017/4/17,0.611091619
2017/4/18,0.606263074
2017/4/19,0.601328324
2017/4/20,0.601595734
2017/4/21,0.601794868
2017/4/24,0.59352224
2017/4/25,0.594478087
2017/4/26,0.595669102
2017/4/27,0.597819758
2017/4/28,0.598288199
2017/5/2,0.596211508
2017/5/3,0.594626015
2017/5/4,0.593112591
2017/5/5,0.588498353
2017/5/8,0.58386515
2017/5/9,0.584229282
2017/5/10,0.578966433
2017/5/11,0.580620201
2017/5/12,0.584794445
2017/5/15,0.586068908
2017/5/16,0.590379703
2017/5/17,0.588763866
2017/5/18,0.58605184
2017/5/19,0.586144769
2017/5/22,0.583309469
2017/5/23,0.580705544
2017/5/24,0.581109503
2017/5/25,0.589406787
2017/5/26,0.589829711
2017/5/31,0.591180035
2017/6/1,0.588418699
2017/6/2,0.588972483
2017/6/5,0.586340111
2017/6/6,0.588325769
2017/6/7,0.595568587
2017/6/8,0.597467005
2017/6/9,0.598997498
2017/6/12,0.59548514
2017/6/13,0.598113719
2017/6/14,0.593738443
2017/6/15,0.59408361
2017/6/16,0.592316052
2017/6/19,0.596336678
2017/6/20,0.595509795
2017/6/21,0.59858216
2017/6/22,0.596920807
2017/6/23,0.598896983
2017/6/26,0.604125694
2017/6/27,0.605218091
2017/6/28,0.601804351
2017/6/29,0.604622583
2017/6/30,0.605451363
2017/7/3,0.606111352
2017/7/4,0.603625012
2017/7/5,0.60823925
2017/7/6,0.609246303
2017/7/7,0.610293183
2017/7/10,0.609282337
2017/7/11,0.607463573
2017/7/12,0.606420485
2017/7/13,0.610331114
2017/7/14,0.611139032
2017/7/17,0.602422617
2017/7/18,0.604529653
2017/7/19,0.612762455
2017/7/20,0.615394827
2017/7/21,0.61409002
2017/7/24,0.616483431
2017/7/25,0.615172934
2017/7/26,0.61592775
2017/7/27,0.616327916
2017/7/28,0.616984113
2017/7/31,0.62073733
2017/8/1,0.624456409
2017/8/2,0.623018846
2017/8/3,0.620718365
2017/8/4,0.618660638
2017/8/7,0.621956793
2017/8/8,0.622413855
2017/8/9,0.621219046
2017/8/10,0.618598053
2017/8/11,0.60850666
2017/8/14,0.613972436
2017/8/15,0.616608601
2017/8/16,0.615696374
2017/8/17,0.61986493
2017/8/18,0.619919929
2017/8/21,0.623369702
2017/8/22,0.623999348
2017/8/23,0.623519528
2017/8/24,0.620449058
2017/8/25,0.631830087
2017/8/28,0.63773396
2017/8/29,0.638223262
2017/8/30,0.637919819
2017/8/31,0.637385
2017/9/1,0.638581705
2017/9/4,0.640944771
2017/9/5,0.641843723
2017/9/6,0.642046651
2017/9/7,0.638274468
2017/9/8,0.638225159
2017/9/11,0.64034547
2017/9/12,0.640927703
2017/9/13,0.641811482
2017/9/14,0.639399106
2017/9/15,0.6360214
2017/9/18,0.637773787
2017/9/19,0.63663208
2017/9/20,0.638369295
2017/9/21,0.636816043
2017/9/22,0.635814679
2017/9/25,0.633732298
2017/9/26,0.634117292
2017/9/27,0.634437805
2017/9/28,0.633370063
2017/9/29,0.635133828
2017/10/9,0.63995858
2017/10/10,0.641591485
2017/10/11,0.642594745
2017/10/12,0.642181304
2017/10/13,0.643019566
2017/10/16,0.640734257
2017/10/17,0.639514794
2017/10/18,0.641363903
2017/10/19,0.639160144
2017/10/20,0.640768395
2017/10/23,0.641157182
2017/10/24,0.642589056
2017/10/25,0.644229547
2017/10/26,0.646253136
2017/10/27,0.648005523
2017/10/30,0.642985429
2017/10/31,0.643554386
2017/11/1,0.644041792
2017/11/2,0.641652174
2017/11/3,0.639457898
2017/11/6,0.642573884
2017/11/7,0.64739105
2017/11/8,0.647749492
2017/11/9,0.650087904
2017/11/10,0.651013407
2017/11/13,0.65389043
2017/11/14,0.650421692
2017/11/15,0.645295393
2017/11/16,0.64467523
2017/11/17,0.641576313
2017/11/20,0.643376113
2017/11/21,0.646808817
2017/11/22,0.650594275
2017/11/23,0.635698992
2017/11/24,0.636059331
2017/11/27,0.630068218
2017/11/28,0.632235943
2017/11/29,0.633032482
2017/11/30,0.629112371
2017/12/1,0.629193921
2017/12/4,0.627676704
2017/12/5,0.62655017
2017/12/6,0.62470675
2017/12/7,0.620551471
2017/12/8,0.623953831
2017/12/11,0.630062528
2017/12/12,0.622212824
2017/12/13,0.626428792
2017/12/14,0.624418479
2017/12/15,0.619430626
2017/12/18,0.619768207
2017/12/19,0.625196053
2017/12/20,0.623502459
2017/12/21,0.625863629
2017/12/22,0.625294672
2017/12/25,0.622146446
2017/12/26,0.627012921
2017/12/27,0.621258873
2017/12/28,0.625165709
2017/12/29,0.627212056
2018/1/2,0.63501814
2018/1/3,0.638959113
2018/1/4,0.642107339
2018/1/5,0.643252839
2018/1/8,0.646615372
2018/1/9,0.647453635
2018/1/10,0.648957577
2018/1/11,0.649623256
2018/1/12,0.650306004
2018/1/15,0.646806921
2018/1/16,0.651756843
2018/1/17,0.653289233
2018/1/18,0.658993971
2018/1/19,0.661480311
2018/1/22,0.664040616
2018/1/23,0.672601516
2018/1/24,0.675061305
2018/1/25,0.672944787
2018/1/26,0.674807171
2018/1/29,0.668144689
2018/1/30,0.661508759
2018/1/31,0.660147056
2018/2/1,0.653727329
2018/2/2,0.656591078
2018/2/5,0.661412036
2018/2/6,0.639251177
2018/2/7,0.627608429
2018/2/8,0.618654949
2018/2/9,0.593582928
2018/2/12,0.598187684
2018/2/13,0.604034661
2018/2/14,0.606727722
2018/2/22,0.619889584
2018/2/23,0.623769868
2018/2/26,0.631460265
2018/2/27,0.624348308
2018/2/28,0.618154267
2018/3/1,0.620873879
2018/3/2,0.617228764
2018/3/5,0.617683929
2018/3/6,0.623887453
2018/3/7,0.620479403
2018/3/8,0.623654181
2018/3/9,0.627212056
2018/3/12,0.630915963
2018/3/13,0.627794288
2018/3/14,0.624217448
2018/3/15,0.624166242
2018/3/16,0.620139925
2018/3/19,0.621916966
2018/3/20,0.624077105
2018/3/21,0.622239375
2018/3/22,0.618926151
2018/3/23,0.59792786
2018/3/26,0.594316882
2018/3/27,0.600562129
2018/3/28,0.592149158
2018/3/29,0.599401458
2018/3/30,0.600988847
2018/4/2,0.599904036
2018/4/3,0.59486877
2018/4/4,0.59382189
2018/4/9,0.595183593
2018/4/10,0.605051197
2018/4/11,0.60841942
2018/4/12,0.60312433
2018/4/13,0.599120772
2018/4/16,0.589941606
2018/4/17,0.581625357
2018/4/18,0.586290801
2018/4/19,0.591217965
2018/4/20,0.582524309
2018/4/23,0.581854836
2018/4/24,0.593408448
2018/4/25,0.59132986
2018/4/26,0.583186195
2018/4/27,0.584551691
2018/5/2,0.584352556
2018/5/3,0.588084911
2018/5/4,0.58622063
2018/5/7,0.594870667
2018/5/8,0.59958542
2018/5/9,0.599139738
2018/5/10,0.60203383
2018/5/11,0.599919208
2018/5/14,0.601961762
2018/5/15,0.605392571
2018/5/16,0.601115914
2018/5/17,0.598216131
2018/5/18,0.60561636
2018/5/21,0.609511816
2018/5/22,0.609608539
2018/5/23,0.601000226
2018/5/24,0.598286303
2018/5/25,0.595754446
2018/5/28,0.594574809
2018/5/29,0.591802094
2018/5/30,0.576815778
2018/5/31,0.587062686
2018/6/1,0.583207057
2018/6/4,0.586250974
2018/6/5,0.590616768
2018/6/6,0.590800731
2018/6/7,0.589723506
2018/6/8,0.581691736
2018/6/11,0.578966433
2018/6/12,0.584090836
2018/6/13,0.57840127
2018/6/14,0.577331632
2018/6/15,0.573109974
2018/6/19,0.551474451
2018/6/20,0.5529746
2018/6/21,0.545403684
2018/6/22,0.548049332
2018/6/25,0.542280113
2018/6/26,0.53946757
2018/6/27,0.533525767
2018/6/28,0.528541707
2018/6/29,0.540019458
2018/7/2,0.526391051
2018/7/3,0.528539811
2018/7/4,0.523275066
2018/7/5,0.518486348
2018/7/6,0.521018205
2018/7/9,0.533891796
2018/7/10,0.536266241
2018/7/11,0.526810183
2018/7/12,0.538168453
2018/7/13,0.536939507
2018/7/16,0.533688868
2018/7/17,0.530671502
2018/7/18,0.528609982
2018/7/19,0.525820198
2018/7/20,0.536577271
2018/7/23,0.542318043
2018/7/24,0.551045837
2018/7/25,0.550683601
2018/7/26,0.546621251
2018/7/27,0.544982656
2018/7/30,0.544121635
2018/7/31,0.545515579
2018/8/1,0.53567832
2018/8/2,0.524961074
2018/8/3,0.519730466
2018/8/6,0.513039537
2018/8/7,0.527113626
2018/8/8,0.520418904
2018/8/9,0.529960306
2018/8/10,0.530136682
2018/8/13,0.528346366
2018/8/14,0.527415173
2018/8/15,0.516472242
2018/8/16,0.513045226
2018/8/17,0.506176024
2018/8/20,0.511770764
2018/8/21,0.518476865
2018/8/22,0.51483175
2018/8/23,0.516730169
2018/8/24,0.517642396
2018/8/27,0.527403794
2018/8/28,0.52685001
2018/8/29,0.525201932
2018/8/30,0.519218405
2018/8/31,0.516849649
2018/9/3,0.515992421
2018/9/4,0.52165354
2018/9/5,0.512884022
2018/9/6,0.510465956
2018/9/7,0.512497132
2018/9/10,0.506272746
2018/9/11,0.505385174
2018/9/12,0.503737097
2018/9/13,0.509515799
2018/9/14,0.508578917
2018/9/17,0.502917799
2018/9/18,0.512051449
2018/9/19,0.517911702
2018/9/20,0.517606362
2018/9/21,0.530548228
2018/9/25,0.527449311
2018/9/26,0.532317683
2018/9/27,0.529465314
2018/9/28,0.535075226
2018/10/8,0.515192089
2018/10/9,0.516045524
2018/10/10,0.516961544
2018/10/11,0.489958864
2018/10/12,0.494406208
2018/10/15,0.487045807
2018/10/16,0.482917078
2018/10/17,0.485814964
2018/10/18,0.471555015
2018/10/19,0.483702238
2018/10/22,0.503503824
2018/10/23,0.49211521
2018/10/24,0.493721564
2018/10/25,0.49381639
2018/10/26,0.492877612
2018/10/29,0.48211485
2018/10/30,0.487036324
2018/10/31,0.493622945
2018/11/1,0.494279141
2018/11/2,0.507600312
2018/11/5,0.505504655
2018/11/6,0.504353466
2018/11/7,0.500935934
2018/11/8,0.49985302
2018/11/9,0.492881405
2018/11/12,0.498883897
2018/11/13,0.503503824
2018/11/14,0.499210099
2018/11/15,0.506024302
2018/11/16,0.508099097
2018/11/19,0.512726611
2018/11/20,0.501791265
2018/11/21,0.502864696
2018/11/22,0.501711611
2018/11/23,0.489204049
2018/11/26,0.488508025
2018/11/27,0.488293718
2018/11/28,0.493425707
2018/11/29,0.486920636
2018/11/30,0.490855919
2018/12/3,0.503488652
2018/12/4,0.505605171
2018/12/5,0.502542288
2018/12/6,0.49407811
2018/12/7,0.494212763
2018/12/10,0.490171275
2018/12/11,0.491974867
2018/12/12,0.493503464
2018/12/13,0.499553369
2018/12/14,0.491908489
2018/12/17,0.492710718
2018/12/18,0.488667333
2018/12/19,0.483529655
2018/12/20,0.481009177
2018/12/21,0.47721234
2018/12/24,0.479252998
2018/12/25,0.475044616
2018/12/26,0.473806187
2018/12/27,0.470923473
2018/12/28,0.472973614
2019/1/2,0.467547664
2019/1/3,0.467371288
2019/1/4,0.47695062
2019/1/7,0.480406083
2019/1/8,0.479148689
2019/1/9,0.48253967
2019/1/10,0.480787284
2019/1/11,0.48433947
2019/1/14,0.480914351
2019/1/15,0.487470628
2019/1/16,0.4874858
2019/1/17,0.485441349
2019/1/18,0.492339
2019/1/21,0.495088956
2019/1/22,0.489245772
2019/1/23,0.48949232
2019/1/24,0.491519702
2019/1/25,0.493421914
2019/1/28,0.492522962
2019/1/29,0.492005212
2019/1/30,0.488464405
2019/1/31,0.490169378
2019/2/1,0.496553071
2019/2/11,0.503317965
2019/2/12,0.506729808
2019/2/13,0.516056903
2019/2/14,0.51579708
2019/2/15,0.508721156
2019/2/18,0.522370425
2019/2/19,0.522615076
2019/2/20,0.523671439
2019/2/21,0.521884915
2019/2/22,0.53182838
2019/2/25,0.561613257
2019/2/26,0.55786573
2019/2/27,0.560198452
2019/2/28,0.557757628
2019/3/1,0.567820574
2019/3/4,0.574187198
2019/3/5,0.579245222
2019/3/6,0.58832008
2019/3/7,0.589139377
2019/3/8,0.563240473
2019/3/11,0.574075303
2019/3/12,0.580394514
2019/3/13,0.574067717
2019/3/14,0.567189032
2019/3/15,0.573081526
2019/3/18,0.587242855
2019/3/19,0.586209251
2019/3/20,0.586146666
2019/3/21,0.588196806
2019/3/22,0.588708867
2019/3/25,0.577117325
2019/3/26,0.568406599
2019/3/27,0.573265488
2019/3/28,0.56799695
2019/3/29,0.586169424
2019/4/1,0.601265739
2019/4/2,0.602490892
2019/4/3,0.609978361
2019/4/4,0.615719133
2019/4/8,0.615385345
2019/4/9,0.614408636
2019/4/10,0.614839146
2019/4/11,0.604982922
2019/4/12,0.604730684
2019/4/15,0.602674855
2019/4/16,0.617052388
2019/4/17,0.618857877
2019/4/18,0.61640757
2019/4/19,0.620314405
2019/4/22,0.609739399
2019/4/23,0.60661962
2019/4/24,0.60719237
2019/4/25,0.592441222
2019/4/26,0.58534254
2019/4/29,0.580809853
2019/4/30,0.583813944
2019/5/6,0.551216524
2019/5/7,0.554996292
2019/5/8,0.548807941
2019/5/9,0.540688931
2019/5/10,0.557427633
2019/5/13,0.55069498
2019/5/14,0.546882971
2019/5/15,0.557327118
2019/5/16,0.560556895
2019/5/17,0.546634527
2019/5/20,0.544415596
2019/5/21,0.551123594
2019/5/22,0.548417258
2019/5/23,0.540986685
2019/5/24,0.541075821
2019/5/27,0.548546221
2019/5/28,0.551870824
2019/5/29,0.552779258
2019/5/30,0.55109325
2019/5/31,0.549744823
2019/6/3,0.548110021
2019/6/4,0.54283769
2019/6/5,0.542674589
2019/6/6,0.536298482
2019/6/10,0.54091272
2019/6/11,0.554869225
2019/6/12,0.551770308
2019/6/13,0.552028235
2019/6/14,0.546571942
2019/6/17,0.547643477
2019/6/18,0.548125193
2019/6/19,0.55336718
2019/6/20,0.56651387
2019/6/21,0.569332102
2019/6/24,0.570502256
2019/6/25,0.565556127
2019/6/26,0.56445804
2019/6/27,0.568347807
2019/6/28,0.564951136
2019/7/1,0.577471974
2019/7/2,0.577289908
2019/7/3,0.571850683
2019/7/4,0.569952265
2019/7/5,0.571054144
2019/7/8,0.556318168
2019/7/9,0.555345252
2019/7/10,0.552893049
2019/7/11,0.553359594
2019/7/12,0.555785245
2019/7/15,0.557992797
2019/7/16,0.557126086
2019/7/17,0.556001449
2019/7/18,0.55021516
2019/7/19,0.554580954
2019/7/22,0.547520203
2019/7/23,0.549979992
2019/7/24,0.554406474
2019/7/25,0.557076777
2019/7/26,0.55843848
2019/7/29,0.557769007
2019/7/30,0.559917767
2019/7/31,0.556156964
2019/8/1,0.551654621
2019/8/2,0.543892156
2019/8/5,0.535103673
2019/8/6,0.526770356
2019/8/7,0.525086244
2019/8/8,0.529992547
2019/8/9,0.526237433
2019/8/12,0.533869038
2019/8/13,0.530506504
2019/8/14,0.532715952
2019/8/15,0.534022656
2019/8/16,0.535543666
2019/8/19,0.546786249
2019/8/20,0.546198327
2019/8/21,0.546260912
2019/8/22,0.54685073
2019/8/23,0.549503965
2019/8/26,0.543082341
2019/8/27,0.550406709
2019/8/28,0.548807941
2019/8/29,0.548269329
2019/8/30,0.547381757
2019/9/2,0.554563885
2019/9/3,0.555709385
2019/9/4,0.560879303
2019/9/5,0.566274908
2019/9/6,0.56888073
2019/9/9,0.573648586
2019/9/10,0.572977217
2019/9/11,0.570627426
2019/9/12,0.574881325
2019/9/16,0.574788396
2019/9/17,0.564807
2019/9/18,0.566236978
2019/9/19,0.568820041
2019/9/20,0.570179847
2019/9/23,0.564609762
2019/9/24,0.566176289
2019/9/25,0.560503792
2019/9/26,0.555508353
2019/9/27,0.556092482
2019/9/30,0.550975666
2019/10/8,0.552564951
2019/10/9,0.554706124
2019/10/10,0.559039677
2019/10/11,0.563961152
2019/10/14,0.57045105
2019/10/15,0.567259203
2019/10/16,0.564918895
2019/10/17,0.564657175
2019/10/18,0.557224706
2019/10/21,0.557505391
2019/10/22,0.560304657
2019/10/23,0.557884695
2019/10/24,0.557751939
2019/10/25,0.560408966
2019/10/28,0.565173029
2019/10/29,0.560266727
2019/10/30,0.557448495
2019/10/31,0.555502664
2019/11/1,0.561029129
2019/11/4,0.564308215
2019/11/5,0.567355926
2019/11/6,0.564898033
2019/11/7,0.564918895
2019/11/8,0.562163249
2019/11/11,0.551882203
2019/11/12,0.552802016
2019/11/13,0.550985148
2019/11/14,0.551863238
2019/11/15,0.548348983
2019/11/18,0.551736171
2019/11/19,0.556437649
2019/11/20,0.552087028
2019/11/21,0.550681705
2019/11/22,0.547201587
2019/11/25,0.551161525
2019/11/26,0.551330315
2019/11/27,0.550596361
2019/11/28,0.548036057
2019/11/29,0.544677316
2019/12/2,0.545403684
2019/12/3,0.547089692
2019/12/4,0.545841781
2019/12/5,0.549890855
2019/12/6,0.552269094
2019/12/9,0.552737535
2019/12/10,0.553276147
2019/12/11,0.554622677
2019/12/12,0.55296891
2019/12/13,0.562827032
2019/12/16,0.56599612
2019/12/17,0.573208593
2019/12/18,0.572188264
2019/12/19,0.572193954
2019/12/20,0.569893472
2019/12/23,0.561892046
2019/12/24,0.565671814
2019/12/25,0.565520093
2019/12/26,0.570350534
2019/12/27,0.569912438
2019/12/30,0.576546471
2019/12/31,0.578461959
2020/1/2,0.585114958
2020/1/3,0.584847548
2020/1/6,0.58477548
2020/1/7,0.588832141
2020/1/8,0.581642426
2020/1/9,0.586950791
2020/1/10,0.586459592
2020/1/13,0.590874695
2020/1/14,0.589215238
2020/1/15,0.586032874
2020/1/16,0.583006025
2020/1/17,0.583275331
2020/1/20,0.587123374
2020/1/21,0.578845056
2020/1/22,0.580477961
2020/1/23,0.564505453
2020/2/3,0.52090062
2020/2/4,0.527857063
2020/2/5,0.534456959
2020/2/6,0.543639919
2020/2/7,0.545432132
2020/2/10,0.548187778
2020/2/11,0.55030809
2020/2/12,0.555093015
2020/2/13,0.55114256
2020/2/14,0.553217355
2020/2/17,0.565850088
2020/2/18,0.566106118
2020/2/19,0.564291146
2020/2/20,0.574674604
2020/2/21,0.576480093
2020/2/24,0.574879429
2020/2/25,0.571431552
2020/2/26,0.566667488
2020/2/27,0.567312306
2020/2/28,0.546255223
2020/3/2,0.563443401
2020/3/3,0.56761006
2020/3/4,0.571169832
2020/3/5,0.58255086
2020/3/6,0.575501488
2020/3/9,0.558201414
2020/3/10,0.568342117
2020/3/11,0.562986339
2020/3/12,0.554446301
2020/3/13,0.547607443
2020/3/16,0.52898739
2020/3/17,0.527164832
2020/3/18,0.517515329
2020/3/19,0.512464891
2020/3/20,0.520712865
2020/3/23,0.504507084
2020/3/24,0.516316727
2020/3/25,0.527534654
2020/3/26,0.524371256
2020/3/27,0.52575382
2020/3/30,0.521014412
2020/3/31,0.521600437
2020/4/1,0.518607725
2020/4/2,0.527354485
2020/4/3,0.524196776
2020/4/7,0.534963331
2020/4/8,0.533941105
2020/4/9,0.535938143
2020/4/10,0.530387023
2020/4/13,0.527811546
2020/4/14,0.536199863
2020/4/15,0.533144566
2020/4/16,0.534807816
2020/4/17,0.538325864
2020/4/20,0.540992374
2020/4/21,0.536148657
2020/4/22,0.539367055
2020/4/23,0.538327761
2020/4/24,0.532643884
2020/4/27,0.533963864
2020/4/28,0.532926466
2020/4/29,0.535281946
2020/4/30,0.542420455
2020/5/6,0.545845574
2020/5/7,0.544590076
2020/5/8,0.549107592
2020/5/11,0.549005179
2020/5/12,0.548390706
2020/5/13,0.549621549
2020/5/14,0.544366287
2020/5/15,0.544009741
2020/5/18,0.54532972
2020/5/19,0.549722065
2020/5/20,0.546907626
2020/5/21,0.543907328
2020/5/22,0.533637662
2020/5/25,0.534434201
2020/5/26,0.539854461
2020/5/27,0.538005352
2020/5/28,0.539791876
2020/5/29,0.540954444
2020/6/1,0.552917704
2020/6/2,0.554049928
2020/6/3,0.554423543
2020/6/4,0.553642176
2020/6/5,0.555832658
2020/6/8,0.557154534
2020/6/9,0.560632756
2020/6/10,0.558288654
2020/6/11,0.553955102
2020/6/12,0.553735105
2020/6/15,0.548100538
2020/6/16,0.556012828
2020/6/17,0.556794195
2020/6/18,0.557448495
2020/6/19,0.562817549
2020/6/22,0.56236997
2020/6/23,0.563384609
2020/6/24,0.565078203
2020/6/29,0.561658774
2020/6/30,0.566049222
2020/7/1,0.573883755
2020/7/2,0.58613339
2020/7/3,0.597937343
2020/7/6,0.632088014
2020/7/7,0.63445108
2020/7/8,0.645469873
2020/7/9,0.654411974
2020/7/10,0.641654071
2020/7/13,0.653027513
2020/7/14,0.647590184
2020/7/15,0.637477929
2020/7/16,0.608802517
2020/7/17,0.609566815
2020/7/20,0.628535828
2020/7/21,0.629814084
2020/7/22,0.632141116
2020/7/23,0.630614416
2020/7/24,0.606274453
2020/7/27,0.607878911
2020/7/28,0.612189705
2020/7/29,0.624818645
2020/7/30,0.623352634
2020/7/31,0.627750668
2020/8/3,0.638742909
2020/8/4,0.639448416
2020/8/5,0.640561674
2020/8/6,0.642249578
2020/8/7,0.636101054
2020/8/10,0.640882186
2020/8/11,0.633493337
2020/8/12,0.629506847
2020/8/13,0.62978374
2020/8/14,0.637250347
2020/8/17,0.652175974
2020/8/18,0.6545068
2020/8/19,0.646359342
2020/8/20,0.637971025
2020/8/21,0.641153389
2020/8/24,0.642094064
2020/8/25,0.639806858
2020/8/26,0.631492506
2020/8/27,0.635355721
2020/8/28,0.645540044
2020/8/31,0.643998172
2020/9/1,0.646829679
2020/9/2,0.6457278
2020/9/3,0.641968893
2020/9/4,0.636353292
2020/9/7,0.624446927
2020/9/8,0.628966339
2020/9/9,0.617247729
2020/9/10,0.613490719
2020/9/11,0.61833254
2020/9/14,0.62183352
2020/9/15,0.625032952
2020/9/16,0.622802642
2020/9/17,0.620246131
2020/9/18,0.633076102
2020/9/21,0.629064958
2020/9/22,0.620978188
2020/9/23,0.622004206
2020/9/24,0.611283168
2020/9/25,0.610570076
2020/9/28,0.610211633
2020/9/29,0.611506957
2020/9/30,0.610310252
2020/10/9,0.62055716
2020/10/12,0.636941214
2020/10/13,0.637183968
2020/10/14,0.633586266
2020/10/15,0.631955257
2020/10/16,0.632748003
2020/10/19,0.628255143
2020/10/20,0.631181476
2020/10/21,0.630597348
2020/10/22,0.628222902
2020/10/23,0.621679901
2020/10/26,0.61658205
2020/10/27,0.617188937
2020/10/28,0.620018548
2020/10/29,0.620680434
2020/10/30,0.611539198
2020/11/2,0.611651093
2020/11/3,0.620365612
2020/11/4,0.621573696
2020/11/5,0.629669948
2020/11/6,0.62815842
2020/11/9,0.639835306
2020/11/10,0.637259829
2020/11/11,0.633855572
2020/11/12,0.633187997
2020/11/13,0.627767737
2020/11/16,0.634760213
2020/11/17,0.633419372
2020/11/18,0.634822798
2020/11/19,0.637817407
2020/11/20,0.640593915
2020/11/23,0.64756553
2020/11/24,0.645352288
2020/11/25,0.637673271
2020/11/26,0.639076697
2020/11/27,0.646393479
2020/11/30,0.643254735
2020/12/1,0.654668004
2020/12/2,0.654182495
2020/12/3,0.652809413
2020/12/4,0.653272164
2020/12/7,0.647965696
2020/12/8,0.646748129
2020/12/9,0.639499622
2020/12/10,0.639749963
2020/12/11,0.634801937
2020/12/14,0.638961009
2020/12/15,0.638602567
2020/12/16,0.638555154
2020/12/17,0.645741075
2020/12/18,0.643850243
2020/12/21,0.648718615
2020/12/22,0.636620701
2020/12/23,0.641464418
2020/12/24,0.6378212
2020/12/25,0.644165066
2020/12/28,0.644303512
2020/12/29,0.640842359
2020/12/30,0.647557943
2020/12/31,0.658675355
